country,2000,2001,2002,2003,,2004,2005,2006,2007,2008,2009,2010,2011,2012,2013,2014,2015,2016,2017,2018,2019,2020,2021,2022,2023
Afghanistan,"20,130,327.0","20,284,307.0","21,378,117.0","22,733,049.0",,"23,560,654.0","24,404,567.0","25,424,094.0","25,909,852.0","26,482,622.0","27,466,101.0","28,284,089.0","29,347,708.0","30,560,034.0","31,622,704.0","32,792,523.0","33,831,764.0","34,700,612.0","35,688,935.0","36,743,039.0","37,856,121.0","39,068,979.0","40,000,412.0","40,578,842.0","41,454,761.0"
Albania,"3,089,027.0","3,060,173.0","3,051,010.0","3,039,616.0",,"3,026,939.0","3,011,487.0","2,992,547.0","2,970,017.0","2,947,314.0","2,927,519.0","2,913,021.0","2,905,195.0","2,900,401.0","2,895,092.0","2,889,104.0","2,880,703.0","2,876,101.0","2,873,457.0","2,866,376.0","2,854,191.0","2,837,849.0","2,811,666.0","2,777,689.0","2,745,972.0"
Algeria,"30,903,893.0","31,331,221.0","31,750,835.0","32,175,818.0",,"32,628,286.0","33,109,249.0","33,623,506.0","34,189,416.0","34,816,961.0","35,490,445.0","36,188,236.0","36,903,376.0","37,646,166.0","38,414,171.0","39,205,031.0","40,019,529.0","40,850,721.0","41,689,299.0","42,505,035.0","43,294,546.0","44,042,091.0","44,761,099.0","45,477,389.0","46,164,219.0"
American Samoa,"56,855.0","57,053.0","57,062.0","56,971.0",,"56,818.0","56,617.0","56,374.0","56,113.0","55,828.0","55,528.0","55,228.0","54,895.0","54,489.0","54,006.0","53,466.0","52,878.0","52,245.0","51,586.0","50,908.0","50,209.0","49,761.0","49,225.0","48,342.0","47,521.0"
Andorra,"65,685.0","65,852.0","66,506.0","69,486.0",,"74,325.0","77,421.0","79,585.0","81,877.0","83,495.0","83,888.0","80,706.0","77,783.0","76,834.0","75,194.0","73,737.0","72,174.0","72,181.0","73,763.0","75,162.0","76,474.0","77,380.0","78,364.0","79,705.0","80,856.0"
Angola,"16,194,869.0","16,747,208.0","17,327,699.0","17,943,712.0",,"18,600,423.0","19,291,161.0","20,015,279.0","20,778,561.0","21,578,655.0","22,414,773.0","23,294,825.0","24,218,352.0","25,177,394.0","26,165,620.0","27,160,769.0","28,157,798.0","29,183,070.0","30,234,839.0","31,297,155.0","32,375,632.0","33,451,132.0","34,532,429.0","35,635,029.0","36,749,906.0"
Antigua and Barbuda,"74,912.0","76,069.0","77,032.0","77,884.0",,"78,719.0","79,611.0","80,604.0","81,704.0","82,912.0","84,173.0","85,320.0","86,332.0","87,260.0","88,064.0","88,765.0","89,409.0","89,969.0","90,468.0","90,926.0","91,364.0","91,846.0","92,349.0","92,840.0","93,316.0"
Argentina,"37,213,984.0","37,624,825.0","38,029,349.0","38,424,282.0",,"38,815,916.0","39,216,789.0","39,622,115.0","40,016,763.0","40,424,148.0","40,854,831.0","41,288,694.0","41,730,660.0","42,161,721.0","42,582,455.0","43,024,071.0","43,477,012.0","43,900,313.0","44,288,894.0","44,654,882.0","44,973,465.0","45,191,965.0","45,312,281.0","45,407,904.0","45,538,401.0"
Armenia,"3,221,100.0","3,211,800.0","3,199,800.0","3,182,500.0",,"3,164,900.0","3,146,400.0","3,127,100.0","3,107,400.0","3,087,100.0","3,066,000.0","3,044,800.0","3,027,900.0","3,024,100.0","3,022,000.0","3,013,800.0","3,004,600.0","2,992,300.0","2,979,400.0","2,969,000.0","2,962,500.0","2,961,500.0","2,962,300.0","2,969,200.0","2,990,900.0"
Aruba,"90,588.0","91,439.0","92,074.0","93,128.0",,"95,138.0","97,635.0","99,405.0","100,150.0","100,917.0","101,604.0","101,838.0","102,591.0","104,110.0","105,675.0","106,807.0","107,906.0","108,727.0","108,735.0","108,908.0","109,203.0","108,587.0","107,700.0","107,310.0","107,359.0"
Australia,"19,028,802.0","19,274,701.0","19,495,210.0","19,720,737.0",,"19,932,722.0","20,176,844.0","20,450,966.0","20,827,622.0","21,249,199.0","21,691,653.0","22,031,750.0","22,340,024.0","22,733,465.0","23,128,129.0","23,475,686.0","23,815,995.0","24,190,907.0","24,592,588.0","24,963,258.0","25,334,826.0","25,649,248.0","25,685,412.0","26,014,399.0","26,658,948.0"
Austria,"8,011,566.0","8,042,293.0","8,081,957.0","8,121,423.0",,"8,171,966.0","8,227,829.0","8,268,641.0","8,295,487.0","8,321,496.0","8,343,323.0","8,363,404.0","8,391,643.0","8,429,991.0","8,479,823.0","8,546,356.0","8,642,699.0","8,736,668.0","8,797,566.0","8,840,521.0","8,879,920.0","8,916,864.0","8,955,797.0","9,041,851.0","9,131,761.0"
Azerbaijan,"8,048,600.0","8,111,200.0","8,171,950.0","8,234,100.0",,"8,306,500.0","8,391,850.0","8,484,550.0","8,581,300.0","8,763,400.0","8,947,243.0","9,054,332.0","9,173,082.0","9,295,784.0","9,416,801.0","9,535,079.0","9,649,341.0","9,757,812.0","9,854,033.0","9,939,771.0","10,024,283.0","10,093,121.0","10,137,750.0","10,141,756.0","10,153,958.0"
"Bahamas, The","323,835.0","327,836.0","331,614.0","335,618.0",,"339,782.0","343,894.0","348,375.0","353,334.0","358,120.0","362,810.0","367,478.0","371,729.0","375,469.0","378,953.0","382,298.0","385,346.0","388,055.0","390,485.0","392,717.0","394,675.0","395,863.0","396,373.0","397,538.0","399,440.0"
Bahrain,"637,582.0","661,316.0","710,553.0","764,517.0",,"823,741.0","888,822.0","960,424.0","1,039,295.0","1,103,496.0","1,178,415.0","1,228,543.0","1,195,020.0","1,208,964.0","1,253,191.0","1,314,562.0","1,370,322.0","1,423,726.0","1,501,116.0","1,503,091.0","1,483,756.0","1,472,204.0","1,504,365.0","1,524,693.0","1,577,059.0"
Bangladesh,"134,544,304.0","136,805,810.0","138,933,658.0","140,970,351.0",,"142,902,856.0","144,715,786.0","146,405,973.0","147,989,278.0","149,474,264.0","150,873,714.0","152,201,981.0","153,591,076.0","155,070,101.0","156,532,141.0","157,964,929.0","159,383,179.0","160,811,932.0","162,186,147.0","163,523,103.0","164,913,055.0","166,298,024.0","167,658,854.0","169,384,897.0","171,466,990.0"
Barbados,"262,063.0","262,425.0","264,148.0","265,776.0",,"267,298.0","268,706.0","270,002.0","271,288.0","272,714.0","274,123.0","275,243.0","276,139.0","276,938.0","277,665.0","278,348.0","278,990.0","279,598.0","280,171.0","280,711.0","281,207.0","281,698.0","282,147.0","282,318.0","282,336.0"
Belarus,"9,979,610.0","9,928,549.0","9,865,548.0","9,796,749.0",,"9,730,146.0","9,663,915.0","9,604,924.0","9,560,953.0","9,527,985.0","9,504,583.0","9,483,836.0","9,461,643.0","9,446,836.0","9,443,211.0","9,448,515.0","9,461,076.0","9,469,379.0","9,458,989.0","9,438,785.0","9,419,758.0","9,379,952.0","9,302,585.0","9,228,071.0","9,178,298.0"
Belgium,"10,251,250.0","10,286,570.0","10,332,785.0","10,376,133.0",,"10,421,137.0","10,478,617.0","10,547,958.0","10,625,700.0","10,709,973.0","10,796,493.0","10,895,586.0","11,038,264.0","11,106,932.0","11,159,407.0","11,209,057.0","11,274,196.0","11,331,422.0","11,375,158.0","11,427,054.0","11,488,980.0","11,538,604.0","11,586,195.0","11,680,210.0","11,787,423.0"
Belize,"240,799.0","248,379.0","256,009.0","263,780.0",,"271,688.0","279,731.0","287,878.0","296,100.0","304,361.0","312,614.0","320,245.0","327,298.0","334,414.0","341,627.0","348,923.0","356,333.0","364,705.0","373,202.0","380,226.0","385,829.0","390,812.0","395,346.0","402,733.0","411,106.0"
Benin,"7,221,619.0","7,445,596.0","7,675,426.0","7,913,070.0",,"8,159,094.0","8,426,144.0","8,693,242.0","8,953,969.0","9,228,466.0","9,509,423.0","9,797,484.0","10,093,623.0","10,397,657.0","10,708,834.0","11,030,004.0","11,360,681.0","11,697,842.0","12,039,780.0","12,383,347.0","12,726,755.0","13,070,169.0","13,413,417.0","13,759,501.0","14,111,034.0"
Bermuda,"61,550.0","61,867.0","62,142.0","62,386.0",,"62,555.0","62,711.0","62,834.0","63,010.0","63,300.0","63,565.0","63,725.0","63,733.0","63,646.0","63,574.0","63,529.0","63,464.0","63,449.0","63,578.0","63,831.0","64,107.0","64,382.0","64,648.0","64,749.0","64,698.0"
Bhutan,"596,863.0","610,794.0","624,409.0","637,663.0",,"650,544.0","661,865.0","670,799.0","678,641.0","686,351.0","693,988.0","701,632.0","709,377.0","717,279.0","725,273.0","733,139.0","740,618.0","747,866.0","754,335.0","759,759.0","764,824.0","770,006.0","775,442.0","780,914.0","786,385.0"
Bolivia,"8,606,326.0","8,752,736.0","8,900,355.0","9,050,700.0",,"9,204,287.0","9,360,754.0","9,521,689.0","9,685,960.0","9,850,858.0","10,016,275.0","10,182,345.0","10,348,929.0","10,515,807.0","10,682,608.0","10,848,888.0","11,014,705.0","11,180,020.0","11,344,587.0","11,508,368.0","11,671,386.0","11,816,299.0","11,937,360.0","12,077,154.0","12,244,159.0"
Bosnia and Herzegovina,"4,159,771.0","4,179,438.0","4,188,002.0","4,178,523.0",,"4,140,987.0","4,096,493.0","4,063,272.0","4,013,424.0","3,947,544.0","3,879,794.0","3,811,472.0","3,741,798.0","3,670,113.0","3,610,859.0","3,564,829.0","3,518,541.0","3,473,003.0","3,428,682.0","3,387,000.0","3,345,533.0","3,299,349.0","3,244,907.0","3,204,802.0","3,185,073.0"
Botswana,"1,677,382.0","1,712,254.0","1,744,763.0","1,775,736.0",,"1,807,146.0","1,839,877.0","1,874,516.0","1,911,201.0","1,949,970.0","1,990,673.0","2,033,111.0","2,073,535.0","2,108,617.0","2,140,682.0","2,172,044.0","2,203,273.0","2,234,776.0","2,266,747.0","2,299,141.0","2,332,083.0","2,365,894.0","2,401,441.0","2,439,892.0","2,480,244.0"
Brazil,"174,018,282.0","176,301,203.0","178,503,484.0","180,622,688.0",,"182,675,143.0","184,688,101.0","186,653,106.0","188,552,320.0","190,367,302.0","192,079,951.0","193,701,929.0","195,284,734.0","196,876,111.0","198,478,299.0","200,085,127.0","201,675,532.0","203,218,114.0","204,703,445.0","206,107,261.0","207,455,459.0","208,660,842.0","209,550,294.0","210,306,415.0","211,140,729.0"
British Virgin Islands,"20,241.0","20,796.0","21,430.0","22,134.0",,"22,881.0","23,665.0","24,493.0","25,366.0","26,288.0","27,218.0","27,675.0","28,710.0","30,345.0","31,703.0","32,962.0","34,498.0","33,878.0","32,699.0","34,657.0","36,395.0","37,135.0","37,809.0","38,319.0","38,985.0"
Brunei Darussalam,"326,424.0","333,345.0","340,099.0","346,637.0",,"352,911.0","358,916.0","364,663.0","370,873.0","377,793.0","384,952.0","392,332.0","399,389.0","405,557.0","411,202.0","416,750.0","422,212.0","427,564.0","432,772.0","437,810.0","442,680.0","447,404.0","451,721.0","455,370.0","458,949.0"
Bulgaria,"8,170,172.0","8,009,142.0","7,837,161.0","7,775,327.0",,"7,716,860.0","7,658,972.0","7,601,022.0","7,545,338.0","7,492,561.0","7,444,443.0","7,395,599.0","7,348,328.0","7,305,888.0","7,265,115.0","7,223,938.0","7,177,991.0","7,127,822.0","7,075,947.0","7,025,037.0","6,975,761.0","6,934,015.0","6,877,743.0","6,643,324.0","6,446,596.0"
Burkina Faso,"11,925,546.0","12,295,001.0","12,680,897.0","13,082,532.0",,"13,500,533.0","13,932,123.0","14,373,707.0","14,816,307.0","15,258,093.0","15,710,066.0","16,176,498.0","16,661,908.0","17,172,287.0","17,695,409.0","18,229,461.0","18,777,487.0","19,334,856.0","19,894,407.0","20,438,288.0","20,961,952.0","21,478,690.0","21,995,243.0","22,509,038.0","23,025,776.0"
Burundi,"6,470,194.0","6,634,365.0","6,824,132.0","7,043,154.0",,"7,310,656.0","7,587,299.0","7,865,547.0","8,161,874.0","8,505,637.0","8,947,646.0","9,376,444.0","9,717,978.0","10,071,028.0","10,439,341.0","10,799,785.0","11,047,580.0","11,239,451.0","11,506,762.0","11,859,446.0","12,255,336.0","12,617,036.0","12,965,481.0","13,321,097.0","13,689,450.0"
Cabo Verde,"453,317.0","460,293.0","467,046.0","473,383.0",,"479,370.0","485,115.0","490,728.0","496,190.0","501,355.0","506,141.0","509,784.0","511,447.0","511,955.0","512,225.0","512,326.0","512,394.0","512,554.0","512,893.0","513,415.0","514,104.0","514,679.0","516,649.0","519,741.0","522,331.0"
Cambodia,"12,462,336.0","12,658,484.0","12,855,241.0","13,050,968.0",,"13,244,731.0","13,439,202.0","13,639,028.0","13,841,770.0","14,053,479.0","14,276,810.0","14,500,726.0","14,722,584.0","14,945,085.0","15,170,208.0","15,396,772.0","15,623,251.0","15,852,803.0","16,073,372.0","16,274,522.0","16,481,304.0","16,725,474.0","16,974,305.0","17,201,724.0","17,423,880.0"
Cameroon,"14,912,631.0","15,309,490.0","15,725,528.0","16,160,340.0",,"16,610,487.0","17,074,594.0","17,550,407.0","18,049,896.0","18,574,056.0","19,113,974.0","19,668,066.0","20,232,304.0","20,809,529.0","21,402,376.0","22,059,893.0","22,763,414.0","23,454,161.0","24,128,601.0","24,806,383.0","25,506,095.0","26,210,558.0","26,915,758.0","27,632,771.0","28,372,687.0"
Canada,"30,685,730.0","31,020,855.0","31,359,199.0","31,642,461.0",,"31,938,807.0","32,242,732.0","32,571,193.0","32,888,886.0","33,247,298.0","33,630,069.0","34,005,902.0","34,339,221.0","34,713,395.0","35,080,992.0","35,434,066.0","35,704,498.0","36,110,803.0","36,545,075.0","37,072,620.0","37,618,495.0","38,028,638.0","38,239,864.0","38,939,056.0","40,097,761.0"
Cayman Islands,"39,674.0","41,089.0","42,514.0","43,934.0",,"45,352.0","46,788.0","48,232.0","49,687.0","51,151.0","52,618.0","54,099.0","55,606.0","57,136.0","58,655.0","60,160.0","61,642.0","63,100.0","64,535.0","65,941.0","67,327.0","68,684.0","70,108.0","71,591.0","73,038.0"
Central African Republic,"3,833,416.0","3,919,487.0","4,006,077.0","4,103,086.0",,"4,192,826.0","4,288,810.0","4,377,579.0","4,462,770.0","4,558,984.0","4,529,047.0","4,492,995.0","4,565,021.0","4,610,848.0","4,642,419.0","4,623,182.0","4,629,320.0","4,713,663.0","4,793,511.0","4,878,657.0","4,944,703.0","5,026,628.0","5,112,100.0","5,098,039.0","5,152,421.0"
Chad,"8,512,093.0","8,804,124.0","9,116,192.0","9,487,833.0",,"9,920,036.0","10,328,092.0","10,706,424.0","11,081,660.0","11,476,296.0","11,893,754.0","12,312,575.0","12,754,997.0","13,210,998.0","13,691,079.0","14,188,678.0","14,647,621.0","15,114,655.0","15,622,759.0","16,156,531.0","16,685,223.0","17,224,679.0","17,828,273.0","18,455,316.0","19,319,064.0"
Channel Islands,"148,110.0","148,850.0","149,881.0","150,960.0",,"152,039.0","153,126.0","154,214.0","155,309.0","156,408.0","157,511.0","158,621.0","159,706.0","160,767.0","161,777.0","162,726.0","163,454.0","163,883.0","164,319.0","164,949.0","165,639.0","166,235.0","166,741.0","167,215.0","167,691.0"
Chile,"15,503,635.0","15,683,849.0","15,857,925.0","16,024,752.0",,"16,187,322.0","16,348,778.0","16,509,195.0","16,671,581.0","16,838,988.0","17,009,731.0","17,181,464.0","17,351,816.0","17,519,119.0","17,687,006.0","17,864,195.0","18,047,625.0","18,267,221.0","18,558,868.0","18,893,191.0","19,197,744.0","19,370,624.0","19,456,334.0","19,553,036.0","19,658,835.0"
China,"1,262,645,000.0","1,271,850,000.0","1,280,400,000.0","1,288,400,000.0",,"1,296,075,000.0","1,303,720,000.0","1,311,020,000.0","1,317,885,000.0","1,324,655,000.0","1,331,260,000.0","1,337,705,000.0","1,345,035,000.0","1,354,190,000.0","1,363,240,000.0","1,371,860,000.0","1,379,860,000.0","1,387,790,000.0","1,396,215,000.0","1,402,760,000.0","1,407,745,000.0","1,411,100,000.0","1,412,360,000.0","1,412,175,000.0","1,410,710,000.0"
Colombia,"39,089,934.0","39,709,262.0","40,324,680.0","40,937,429.0",,"41,543,171.0","42,128,977.0","42,691,084.0","43,235,374.0","43,758,808.0","44,271,541.0","44,777,319.0","45,259,614.0","45,715,810.0","46,151,584.0","46,565,429.0","46,969,940.0","47,437,512.0","48,131,078.0","49,024,465.0","49,907,985.0","50,629,997.0","51,188,173.0","51,737,944.0","52,321,152.0"
Comoros,"536,080.0","547,220.0","558,923.0","569,798.0",,"580,704.0","592,677.0","604,753.0","616,927.0","629,307.0","641,947.0","654,836.0","668,056.0","681,630.0","696,192.0","711,503.0","726,682.0","741,741.0","756,669.0","771,590.0","786,578.0","802,163.0","818,174.0","834,188.0","850,387.0"
"Congo, Dem. Rep.","50,507,442.0","52,132,646.0","53,750,524.0","55,343,867.0",,"56,997,741.0","58,775,724.0","60,615,908.0","62,477,752.0","64,390,664.0","66,412,044.0","68,563,038.0","70,849,311.0","73,254,618.0","75,789,395.0","78,403,242.0","81,035,531.0","83,956,415.0","87,083,398.0","90,047,644.0","92,947,442.0","95,989,998.0","99,148,932.0","102,396,968.0","105,789,731.0"
"Congo, Rep.","3,151,345.0","3,272,537.0","3,350,771.0","3,445,753.0",,"3,565,554.0","3,696,393.0","3,837,409.0","3,980,430.0","4,113,517.0","4,281,219.0","4,462,290.0","4,609,724.0","4,740,450.0","4,857,099.0","4,975,880.0","5,097,581.0","5,222,536.0","5,351,011.0","5,483,118.0","5,616,661.0","5,752,791.0","5,892,183.0","6,035,104.0","6,182,885.0"
Costa Rica,"3,937,739.0","4,008,947.0","4,075,705.0","4,138,784.0",,"4,200,078.0","4,261,240.0","4,321,340.0","4,380,248.0","4,440,056.0","4,499,791.0","4,555,962.0","4,609,833.0","4,663,934.0","4,716,147.0","4,767,119.0","4,818,038.0","4,866,998.0","4,913,177.0","4,957,818.0","4,999,553.0","5,034,320.0","5,059,988.0","5,081,765.0","5,105,525.0"
Cote d'Ivoire,"17,699,004.0","18,178,913.0","18,654,771.0","19,125,542.0",,"19,595,000.0","20,068,458.0","20,546,802.0","21,030,558.0","21,514,439.0","21,997,940.0","22,488,065.0","22,982,000.0","23,467,078.0","23,939,775.0","24,527,395.0","25,246,342.0","25,989,405.0","26,733,372.0","27,464,173.0","28,193,009.0","28,915,449.0","29,639,736.0","30,395,002.0","31,165,654.0"
Croatia,"4,468,302.0","4,299,642.0","4,302,174.0","4,303,399.0",,"4,304,600.0","4,310,145.0","4,311,159.0","4,310,217.0","4,309,705.0","4,305,181.0","4,295,427.0","4,280,622.0","4,260,368.0","4,233,922.0","4,201,598.0","4,151,725.0","4,106,867.0","4,041,407.0","3,988,775.0","3,949,390.0","3,914,206.0","3,878,981.0","3,855,641.0","3,859,686.0"
Cuba,"11,109,109.0","11,144,132.0","11,177,418.0","11,209,383.0",,"11,238,756.0","11,262,554.0","11,278,550.0","11,287,272.0","11,291,762.0","11,294,719.0","11,297,409.0","11,301,571.0","11,303,175.0","11,298,167.0","11,285,775.0","11,275,065.0","11,265,612.0","11,247,829.0","11,227,118.0","11,202,846.0","11,176,354.0","11,122,168.0","11,059,820.0","11,019,931.0"
Curacao,"133,860.0","129,047.0","129,205.0","131,897.0",,"134,192.0","137,658.0","141,239.0","144,056.0","145,880.0","146,833.0","148,703.0","150,831.0","152,088.0","153,822.0","155,909.0","157,980.0","159,664.0","160,175.0","159,336.0","157,441.0","154,947.0","152,369.0","149,996.0","147,862.0"
Cyprus,"947,667.0","964,127.0","981,440.0","999,590.0",,"1,017,875.0","1,036,151.0","1,054,418.0","1,072,714.0","1,091,026.0","1,109,371.0","1,127,816.0","1,146,493.0","1,165,397.0","1,183,895.0","1,201,801.0","1,219,502.0","1,237,112.0","1,254,275.0","1,270,737.0","1,286,671.0","1,302,247.0","1,317,309.0","1,331,370.0","1,344,976.0"
Czechia,"10,255,063.0","10,216,605.0","10,196,916.0","10,193,998.0",,"10,197,101.0","10,211,216.0","10,238,905.0","10,298,828.0","10,384,603.0","10,443,936.0","10,474,410.0","10,496,088.0","10,510,785.0","10,514,272.0","10,525,347.0","10,546,059.0","10,566,332.0","10,594,438.0","10,629,928.0","10,671,870.0","10,697,858.0","10,505,772.0","10,672,118.0","10,864,042.0"
Denmark,"5,339,616.0","5,358,783.0","5,375,931.0","5,390,574.0",,"5,404,523.0","5,419,432.0","5,437,272.0","5,461,438.0","5,493,621.0","5,523,095.0","5,547,683.0","5,570,572.0","5,591,572.0","5,614,932.0","5,643,475.0","5,683,483.0","5,728,010.0","5,764,980.0","5,793,636.0","5,814,422.0","5,831,404.0","5,856,733.0","5,903,037.0","5,946,952.0"
Djibouti,"747,318.0","771,313.0","795,574.0","813,519.0",,"826,124.0","839,167.0","855,764.0","874,528.0","892,734.0","911,527.0","930,251.0","948,558.0","966,747.0","984,824.0","1,002,717.0","1,020,313.0","1,037,653.0","1,054,841.0","1,071,882.0","1,088,709.0","1,105,188.0","1,121,248.0","1,137,096.0","1,152,944.0"
Dominica,"68,511.0","68,288.0","68,367.0","68,531.0",,"68,649.0","68,734.0","68,806.0","68,847.0","68,854.0","68,864.0","68,859.0","69,053.0","69,118.0","69,715.0","70,373.0","70,410.0","69,606.0","68,496.0","68,174.0","67,880.0","67,573.0","67,202.0","66,826.0","66,510.0"
Dominican Republic,"8,584,190.0","8,720,283.0","8,852,235.0","8,980,620.0",,"9,104,892.0","9,225,034.0","9,341,183.0","9,455,658.0","9,573,130.0","9,695,265.0","9,820,175.0","9,945,621.0","10,070,411.0","10,193,833.0","10,315,528.0","10,434,829.0","10,551,430.0","10,666,843.0","10,782,053.0","10,894,043.0","11,008,300.0","11,123,476.0","11,230,734.0","11,331,265.0"
Ecuador,"12,689,206.0","12,910,740.0","13,138,472.0","13,372,306.0",,"13,608,701.0","13,846,163.0","14,086,131.0","14,328,773.0","14,575,202.0","14,825,954.0","15,076,695.0","15,326,227.0","15,572,194.0","15,807,128.0","16,035,124.0","16,266,225.0","16,505,139.0","16,759,519.0","17,049,547.0","17,340,021.0","17,546,065.0","17,682,454.0","17,823,897.0","17,980,083.0"
"Egypt, Arab Rep.","73,083,284.0","74,652,029.0","76,239,137.0","77,853,548.0",,"79,477,443.0","81,101,004.0","82,700,403.0","84,276,225.0","85,864,789.0","87,501,636.0","89,196,072.0","91,093,059.0","93,161,001.0","95,333,553.0","97,528,654.0","99,597,342.0","101,644,589.0","103,696,057.0","105,682,094.0","107,553,158.0","109,315,124.0","110,957,008.0","112,618,250.0","114,535,772.0"
El Salvador,"5,943,366.0","5,968,060.0","5,986,631.0","5,998,599.0",,"6,004,671.0","6,005,578.0","6,002,319.0","6,009,824.0","6,029,297.0","6,048,279.0","6,068,249.0","6,090,127.0","6,113,975.0","6,138,839.0","6,162,955.0","6,183,676.0","6,200,800.0","6,213,533.0","6,219,807.0","6,222,318.0","6,234,673.0","6,255,782.0","6,280,319.0","6,309,624.0"
Equatorial Guinea,"703,279.0","749,836.0","797,957.0","847,862.0",,"899,917.0","947,367.0","990,343.0","1,036,044.0","1,084,530.0","1,135,673.0","1,189,085.0","1,241,835.0","1,293,483.0","1,346,218.0","1,399,828.0","1,453,923.0","1,508,186.0","1,562,396.0","1,616,422.0","1,670,177.0","1,716,468.0","1,758,786.0","1,803,545.0","1,847,549.0"
Eritrea,"2,247,031.0","2,312,079.0","2,392,978.0","2,493,903.0",,"2,598,284.0","2,661,215.0","2,703,502.0","2,743,222.0","2,816,327.0","2,887,885.0","2,945,186.0","2,998,485.0","3,036,988.0","3,074,360.0","3,095,173.0","3,105,546.0","3,124,698.0","3,150,347.0","3,192,760.0","3,240,194.0","3,291,271.0","3,350,183.0","3,409,447.0","3,470,390.0"
Estonia,"1,396,985.0","1,388,115.0","1,379,350.0","1,370,720.0",,"1,362,550.0","1,354,775.0","1,346,810.0","1,340,680.0","1,337,090.0","1,334,515.0","1,331,475.0","1,327,439.0","1,322,696.0","1,317,997.0","1,314,545.0","1,315,407.0","1,315,790.0","1,317,384.0","1,321,977.0","1,326,898.0","1,329,522.0","1,330,932.0","1,348,840.0","1,370,286.0"
Eswatini,"1,041,414.0","1,051,064.0","1,059,441.0","1,066,700.0",,"1,073,159.0","1,079,022.0","1,084,436.0","1,090,705.0","1,098,091.0","1,105,153.0","1,111,650.0","1,117,833.0","1,123,863.0","1,129,990.0","1,136,299.0","1,142,813.0","1,149,507.0","1,158,195.0","1,168,929.0","1,179,874.0","1,192,729.0","1,206,593.0","1,218,917.0","1,230,506.0"
Ethiopia,"67,411,494.0","69,487,762.0","71,635,517.0","73,832,663.0",,"76,077,206.0","78,367,470.0","80,703,490.0","83,103,217.0","85,543,668.0","88,007,636.0","90,538,514.0","93,149,970.0","95,798,767.0","98,438,751.0","101,115,610.0","103,867,135.0","106,718,162.0","109,666,481.0","112,664,152.0","115,737,383.0","118,917,671.0","122,138,588.0","125,384,287.0","128,691,692.0"
Faroe Islands,"45,754.0","46,635.0","47,335.0","48,032.0",,"48,384.0","48,359.0","48,335.0","48,378.0","48,547.0","48,791.0","48,657.0","48,543.0","48,291.0","48,246.0","48,428.0","48,901.0","49,464.0","50,182.0","50,998.0","51,795.0","52,571.0","53,315.0","53,952.0","54,482.0"
Fiji,"840,909.0","849,596.0","858,049.0","866,286.0",,"874,366.0","882,379.0","890,365.0","897,832.0","903,399.0","907,239.0","910,419.0","912,989.0","914,918.0","916,352.0","917,585.0","918,578.0","919,166.0","918,759.0","917,180.0","914,899.0","914,963.0","916,711.0","919,422.0","924,145.0"
Finland,"5,176,209.0","5,188,008.0","5,200,598.0","5,213,014.0",,"5,228,172.0","5,246,096.0","5,266,268.0","5,288,720.0","5,313,399.0","5,338,871.0","5,363,352.0","5,388,272.0","5,413,971.0","5,438,972.0","5,461,512.0","5,479,531.0","5,495,303.0","5,508,214.0","5,515,525.0","5,521,606.0","5,529,543.0","5,541,017.0","5,556,106.0","5,583,911.0"
France,"60,918,661.0","61,364,377.0","61,812,142.0","62,249,855.0",,"62,707,588.0","63,180,854.0","63,622,342.0","64,016,890.0","64,375,116.0","64,706,436.0","65,026,211.0","65,340,830.0","65,657,659.0","65,997,932.0","66,312,067.0","66,548,272.0","66,724,104.0","66,918,020.0","67,158,348.0","67,382,061.0","67,601,110.0","67,842,811.0","68,065,015.0","68,287,487.0"
French Polynesia,"240,337.0","244,097.0","247,775.0","251,637.0",,"255,654.0","259,507.0","263,223.0","266,438.0","268,379.0","269,481.0","270,580.0","271,727.0","273,084.0","274,728.0","276,387.0","277,866.0","279,178.0","280,087.0","279,815.0","279,034.0","279,209.0","279,792.0","280,378.0","281,118.0"
Gabon,"1,275,572.0","1,309,589.0","1,345,135.0","1,382,350.0",,"1,421,609.0","1,463,495.0","1,508,337.0","1,556,237.0","1,607,175.0","1,661,556.0","1,719,879.0","1,781,985.0","1,846,889.0","1,913,059.0","1,978,399.0","2,040,989.0","2,100,306.0","2,156,900.0","2,212,318.0","2,267,706.0","2,322,539.0","2,376,722.0","2,430,747.0","2,484,789.0"
"Gambia, The","1,455,084.0","1,495,011.0","1,535,691.0","1,577,611.0",,"1,621,312.0","1,667,037.0","1,715,275.0","1,765,774.0","1,817,852.0","1,871,422.0","1,926,630.0","1,983,784.0","2,043,094.0","2,103,820.0","2,164,528.0","2,224,529.0","2,283,769.0","2,342,189.0","2,399,632.0","2,456,844.0","2,515,733.0","2,576,010.0","2,636,470.0","2,697,845.0"
Georgia,"4,077,131.0","4,014,373.0","3,978,515.0","3,951,736.0",,"3,927,340.0","3,902,469.0","3,880,347.0","3,860,158.0","3,848,449.0","3,814,419.0","3,786,695.0","3,756,441.0","3,728,874.0","3,717,668.0","3,719,414.0","3,725,276.0","3,727,505.0","3,728,004.0","3,726,549.0","3,720,161.0","3,722,716.0","3,708,610.0","3,712,502.0","3,715,483.0"
Germany,"82,211,508.0","82,349,925.0","82,488,495.0","82,534,176.0",,"82,516,260.0","82,469,422.0","82,376,451.0","82,266,372.0","82,110,097.0","81,902,307.0","81,776,930.0","80,274,983.0","80,425,823.0","80,645,605.0","80,982,500.0","81,686,611.0","82,348,669.0","82,657,002.0","82,905,782.0","83,092,962.0","83,160,871.0","83,196,078.0","83,797,985.0","83,280,000.0"
Ghana,"19,637,087.0","20,167,069.0","20,729,388.0","21,296,705.0",,"21,868,298.0","22,449,438.0","23,040,702.0","23,642,279.0","24,249,946.0","24,862,664.0","25,474,995.0","26,095,088.0","26,734,268.0","27,386,193.0","28,041,592.0","28,696,068.0","29,356,742.0","30,008,354.0","30,637,585.0","31,258,945.0","31,887,809.0","32,518,665.0","33,149,152.0","33,787,914.0"
Gibraltar,"27,709.0","27,657.0","27,831.0","28,274.0",,"28,715.0","29,163.0","29,594.0","30,006.0","30,413.0","30,823.0","31,248.0","31,660.0","32,029.0","32,407.0","32,813.0","33,193.0","33,658.0","34,245.0","34,854.0","35,494.0","36,173.0","36,858.0","37,609.0","38,471.0"
Greece,"10,805,808.0","10,862,132.0","10,902,022.0","10,928,070.0",,"10,955,141.0","10,987,314.0","11,020,362.0","11,048,473.0","11,077,841.0","11,107,017.0","11,121,341.0","11,104,899.0","11,045,011.0","10,965,211.0","10,892,413.0","10,820,883.0","10,775,971.0","10,754,679.0","10,732,882.0","10,721,582.0","10,698,599.0","10,569,207.0","10,436,882.0","10,405,588.0"
Greenland,"56,200.0","56,350.0","56,609.0","56,765.0",,"56,911.0","56,935.0","56,774.0","56,555.0","56,328.0","56,323.0","56,905.0","56,890.0","56,810.0","56,483.0","56,295.0","56,114.0","56,186.0","56,172.0","56,023.0","56,225.0","56,367.0","56,653.0","56,661.0","56,865.0"
Grenada,"107,451.0","107,987.0","108,404.0","108,884.0",,"109,323.0","109,734.0","110,135.0","110,522.0","110,896.0","111,254.0","111,586.0","112,079.0","112,775.0","113,487.0","114,132.0","114,676.0","115,130.0","115,438.0","115,691.0","115,981.0","116,341.0","116,688.0","116,913.0","117,081.0"
Guam,"160,065.0","161,329.0","162,315.0","163,137.0",,"163,810.0","164,365.0","164,839.0","165,267.0","165,693.0","166,173.0","166,522.0","166,543.0","166,331.0","165,966.0","165,486.0","164,905.0","164,233.0","163,490.0","162,679.0","161,808.0","162,158.0","163,730.0","165,180.0","166,506.0"
Guatemala,"11,697,592.0","11,969,422.0","12,246,915.0","12,525,842.0",,"12,807,402.0","13,087,629.0","13,367,459.0","13,652,040.0","13,935,174.0","14,215,611.0","14,500,112.0","14,792,126.0","15,089,647.0","15,387,337.0","15,681,725.0","15,971,743.0","16,268,760.0","16,567,357.0","16,845,685.0","17,103,803.0","17,357,325.0","17,598,650.0","17,847,877.0","18,124,838.0"
Guinea,"8,428,832.0","8,539,960.0","8,674,066.0","8,870,781.0",,"9,062,726.0","9,245,844.0","9,441,171.0","9,662,281.0","9,898,870.0","10,143,534.0","10,396,086.0","10,656,810.0","10,921,581.0","11,191,873.0","11,472,924.0","11,767,070.0","12,073,030.0","12,385,659.0","12,704,774.0","13,034,346.0","13,371,183.0","13,710,513.0","14,055,137.0","14,405,468.0"
Guinea-Bissau,"1,234,741.0","1,261,273.0","1,289,307.0","1,318,806.0",,"1,349,563.0","1,381,585.0","1,415,303.0","1,450,986.0","1,488,054.0","1,526,377.0","1,566,347.0","1,608,076.0","1,651,417.0","1,695,973.0","1,741,122.0","1,786,457.0","1,831,893.0","1,877,072.0","1,922,168.0","1,967,696.0","2,013,255.0","2,058,841.0","2,105,529.0","2,153,339.0"
Guyana,"764,832.0","764,477.0","763,652.0","763,101.0",,"762,418.0","760,914.0","758,966.0","756,861.0","754,606.0","752,094.0","749,256.0","746,153.0","746,288.0","750,021.0","754,229.0","758,781.0","763,548.0","768,479.0","791,556.0","807,665.0","807,481.0","815,482.0","821,637.0","826,353.0"
Haiti,"8,303,151.0","8,455,918.0","8,607,641.0","8,759,912.0",,"8,910,263.0","9,061,273.0","9,216,562.0","9,373,296.0","9,530,774.0","9,689,581.0","9,803,294.0","9,914,904.0","10,069,771.0","10,222,362.0","10,373,235.0","10,523,242.0","10,671,457.0","10,817,754.0","10,962,362.0","11,105,163.0","11,243,848.0","11,374,586.0","11,503,606.0","11,637,398.0"
Honduras,"6,577,773.0","6,757,993.0","6,938,859.0","7,119,213.0",,"7,298,994.0","7,478,355.0","7,656,832.0","7,834,798.0","8,012,587.0","8,189,899.0","8,365,878.0","8,540,583.0","8,715,076.0","8,889,278.0","9,063,122.0","9,237,305.0","9,412,380.0","9,588,137.0","9,765,210.0","9,943,633.0","10,119,640.0","10,289,877.0","10,463,872.0","10,644,851.0"
"Hong Kong SAR, China","6,665,000.0","6,714,300.0","6,744,100.0","6,730,800.0",,"6,783,500.0","6,813,200.0","6,857,100.0","6,916,300.0","6,957,800.0","6,972,800.0","7,024,200.0","7,071,600.0","7,150,100.0","7,178,900.0","7,229,500.0","7,291,300.0","7,336,600.0","7,393,200.0","7,452,600.0","7,507,900.0","7,481,000.0","7,413,100.0","7,346,100.0","7,536,100.0"
Hungary,"10,210,971.0","10,187,576.0","10,158,608.0","10,129,552.0",,"10,107,146.0","10,087,065.0","10,071,370.0","10,055,780.0","10,038,188.0","10,022,650.0","10,000,023.0","9,971,727.0","9,920,362.0","9,893,082.0","9,866,468.0","9,843,028.0","9,814,023.0","9,787,966.0","9,775,564.0","9,771,141.0","9,750,149.0","9,709,891.0","9,644,377.0","9,592,186.0"
Iceland,"281,205.0","284,968.0","287,523.0","289,521.0",,"292,074.0","296,734.0","303,782.0","311,566.0","317,414.0","318,499.0","318,041.0","319,014.0","320,716.0","323,764.0","327,386.0","330,815.0","335,439.0","343,400.0","352,721.0","360,563.0","366,463.0","372,520.0","382,003.0","393,349.0"
India,"1,057,922,733.0","1,077,898,575.0","1,097,600,380.0","1,116,803,006.0",,"1,135,991,513.0","1,154,676,322.0","1,172,878,890.0","1,190,676,021.0","1,207,930,964.0","1,225,524,753.0","1,243,481,564.0","1,261,224,954.0","1,278,674,502.0","1,295,829,511.0","1,312,277,191.0","1,328,024,498.0","1,343,944,296.0","1,359,657,400.0","1,374,659,064.0","1,389,030,312.0","1,402,617,695.0","1,414,203,896.0","1,425,423,212.0","1,438,069,596.0"
Indonesia,"216,077,790.0","219,097,902.0","222,088,495.0","225,048,008.0",,"227,926,649.0","230,871,650.0","233,951,652.0","237,062,337.0","240,157,903.0","243,220,028.0","246,305,322.0","249,470,032.0","252,698,525.0","255,852,467.0","258,877,399.0","261,799,249.0","264,627,418.0","267,346,658.0","269,951,846.0","272,489,381.0","274,814,866.0","276,758,053.0","278,830,529.0","281,190,067.0"
"Iran, Islamic Rep.","66,418,659.0","67,452,005.0","68,011,317.0","68,769,340.0",,"70,256,316.0","71,828,455.0","73,392,747.0","74,602,648.0","75,514,204.0","76,457,825.0","77,420,842.0","78,383,598.0","79,370,580.0","80,414,686.0","81,502,045.0","82,619,362.0","83,812,228.0","85,026,754.0","86,117,998.0","87,051,648.0","87,723,443.0","88,455,488.0","89,524,246.0","90,608,707.0"
Iraq,"24,424,056.0","25,197,840.0","26,006,559.0","26,802,659.0",,"27,577,878.0","28,407,448.0","28,616,515.0","28,391,607.0","28,971,036.0","30,058,206.0","31,045,366.0","32,161,424.0","33,654,842.0","35,281,989.0","36,550,059.0","37,560,535.0","38,469,627.0","39,337,353.0","40,265,624.0","41,192,171.0","42,116,605.0","43,071,211.0","44,070,551.0","45,074,049.0"
Ireland,"3,805,174.0","3,866,243.0","3,931,947.0","3,996,521.0",,"4,070,262.0","4,159,914.0","4,273,591.0","4,398,942.0","4,489,544.0","4,535,375.0","4,560,155.0","4,580,084.0","4,599,533.0","4,623,816.0","4,657,740.0","4,701,957.0","4,755,335.0","4,807,388.0","4,867,316.0","4,934,340.0","4,985,382.0","5,033,164.0","5,165,700.0","5,307,600.0"
Isle of Man,"75,659.0","76,476.0","77,275.0","78,049.0",,"78,792.0","79,516.0","80,294.0","81,147.0","82,029.0","82,939.0","83,873.0","84,382.0","84,335.0","84,141.0","83,892.0","83,593.0","83,466.0","83,609.0","83,805.0","83,957.0","84,064.0","84,106.0","84,132.0","84,165.0"
Israel,"6,289,000.0","6,439,000.0","6,570,000.0","6,689,700.0",,"6,809,000.0","6,930,100.0","7,053,700.0","7,180,100.0","7,308,800.0","7,485,600.0","7,623,600.0","7,765,800.0","7,910,500.0","8,059,500.0","8,215,700.0","8,380,100.0","8,546,000.0","8,713,300.0","8,882,800.0","9,054,000.0","9,215,100.0","9,371,400.0","9,557,500.0","9,756,600.0"
Italy,"56,942,108.0","56,974,100.0","57,059,007.0","57,313,203.0",,"57,685,327.0","57,969,484.0","58,143,979.0","58,438,310.0","58,826,731.0","59,095,365.0","59,277,417.0","59,379,449.0","59,539,717.0","60,233,948.0","60,789,140.0","60,730,582.0","60,627,498.0","60,536,709.0","60,421,760.0","59,729,081.0","59,438,851.0","59,133,173.0","59,013,667.0","58,993,475.0"
Jamaica,"2,607,826.0","2,624,403.0","2,640,572.0","2,656,623.0",,"2,672,225.0","2,687,066.0","2,700,968.0","2,713,800.0","2,725,635.0","2,736,995.0","2,748,568.0","2,760,494.0","2,772,430.0","2,783,687.0","2,793,749.0","2,802,534.0","2,809,915.0","2,815,764.0","2,820,097.0","2,823,271.0","2,830,739.0","2,837,682.0","2,839,144.0","2,839,786.0"
Japan,"126,843,000.0","127,149,000.0","127,445,000.0","127,718,000.0",,"127,761,000.0","127,773,000.0","127,854,000.0","128,001,000.0","128,063,000.0","128,047,000.0","128,070,000.0","127,833,000.0","127,629,000.0","127,445,000.0","127,276,000.0","127,141,000.0","127,076,000.0","126,972,000.0","126,811,000.0","126,633,000.0","126,261,000.0","125,681,593.0","125,124,989.0","124,516,650.0"
Jordan,"5,386,945.0","5,498,894.0","5,616,066.0","5,741,828.0",,"5,882,061.0","6,029,587.0","6,427,371.0","6,827,227.0","6,989,866.0","7,141,753.0","7,297,043.0","7,480,424.0","7,587,127.0","7,991,809.0","8,791,710.0","9,544,729.0","10,006,367.0","10,234,226.0","10,462,306.0","10,671,891.0","10,865,228.0","11,066,356.0","11,256,263.0","11,439,213.0"
Kazakhstan,"15,501,103.0","15,575,550.0","15,656,677.0","15,747,380.0",,"15,850,159.0","15,968,117.0","16,103,716.0","16,257,214.0","16,426,525.0","16,619,846.0","16,836,810.0","17,066,002.0","17,306,106.0","17,556,502.0","17,816,285.0","18,084,169.0","18,363,600.0","18,651,931.0","18,932,727.0","19,209,555.0","19,482,117.0","19,743,603.0","20,034,609.0","20,330,104.0"
Kenya,"30,642,890.0","31,619,170.0","32,629,808.0","33,652,223.0",,"34,713,455.0","35,796,484.0","36,904,008.0","38,036,349.0","39,206,351.0","40,408,891.0","41,598,567.0","42,758,461.0","43,888,303.0","44,986,791.0","46,051,440.0","47,088,526.0","48,139,687.0","49,197,766.0","50,207,107.0","51,202,827.0","52,217,334.0","53,219,166.0","54,252,461.0","55,339,003.0"
Kiribati,"88,613.0","90,335.0","92,264.0","94,175.0",,"96,085.0","98,035.0","100,017.0","102,068.0","104,222.0","106,467.0","108,704.0","110,647.0","112,284.0","113,838.0","115,326.0","116,815.0","118,478.0","120,275.0","122,084.0","123,921.0","126,099.0","128,377.0","130,469.0","132,530.0"
"Korea, Dem. People's Rep.","23,665,910.0","23,815,358.0","23,943,973.0","24,090,380.0",,"24,254,943.0","24,396,433.0","24,524,507.0","24,646,383.0","24,764,618.0","24,878,332.0","24,987,258.0","25,097,874.0","25,211,728.0","25,329,451.0","25,451,262.0","25,575,350.0","25,698,326.0","25,817,709.0","25,931,147.0","26,037,632.0","26,136,312.0","26,232,534.0","26,328,845.0","26,418,204.0"
"Korea, Rep.","47,008,111.0","47,370,164.0","47,644,736.0","47,892,330.0",,"48,082,519.0","48,184,561.0","48,438,292.0","48,683,638.0","49,054,708.0","49,307,835.0","49,554,112.0","49,936,638.0","50,199,853.0","50,428,893.0","50,746,659.0","51,014,947.0","51,217,803.0","51,361,911.0","51,585,058.0","51,764,822.0","51,836,239.0","51,769,539.0","51,672,569.0","51,712,619.0"
Kosovo,"1,802,493.0","1,820,009.0","1,829,462.0","1,826,434.0",,"1,822,773.0","1,818,354.0","1,813,079.0","1,807,094.0","1,800,858.0","1,794,681.0","1,788,743.0","1,791,949.0","1,807,126.0","1,818,119.0","1,812,788.0","1,788,274.0","1,777,568.0","1,791,019.0","1,797,086.0","1,788,891.0","1,790,152.0","1,786,080.0","1,768,096.0","1,756,366.0"
Kuwait,"1,954,709.0","2,008,121.0","2,059,974.0","2,109,881.0",,"2,157,320.0","2,236,788.0","2,364,733.0","2,507,887.0","2,651,421.0","2,795,484.0","2,943,372.0","3,132,814.0","3,337,109.0","3,507,844.0","3,665,876.0","3,834,574.0","4,004,096.0","4,154,812.0","4,323,515.0","4,442,316.0","4,400,267.0","4,360,865.0","4,589,643.0","4,853,420.0"
Kyrgyz Republic,"4,898,361.5","4,945,072.5","4,990,704.0","5,043,308.0",,"5,104,712.5","5,162,639.5","5,218,373.0","5,268,384.5","5,318,729.0","5,389,643.0","5,467,059.0","5,546,586.5","5,652,076.0","5,777,150.0","5,905,847.5","6,040,035.5","6,175,337.5","6,306,695.5","6,444,078.5","6,590,211.0","6,726,595.5","6,851,224.0","6,975,219.5","7,099,750.0"
Lao PDR,"5,431,212.0","5,521,482.0","5,610,889.0","5,697,945.0",,"5,781,626.0","5,869,523.0","5,963,200.0","6,056,236.0","6,148,969.0","6,241,642.0","6,334,194.0","6,426,590.0","6,518,978.0","6,611,385.0","6,703,172.0","6,801,645.0","6,908,802.0","7,018,147.0","7,128,045.0","7,237,636.0","7,346,533.0","7,453,194.0","7,559,007.0","7,664,993.0"
Latvia,"2,367,550.0","2,337,170.0","2,310,173.0","2,287,955.0",,"2,263,122.0","2,238,799.0","2,218,357.0","2,200,325.0","2,177,322.0","2,141,669.0","2,097,555.0","2,059,709.0","2,034,319.0","2,012,647.0","1,993,782.0","1,977,527.0","1,959,537.0","1,942,248.0","1,927,174.0","1,913,822.0","1,900,449.0","1,884,490.0","1,879,383.0","1,877,445.0"
Lebanon,"4,329,340.0","4,401,918.0","4,463,504.0","4,525,508.0",,"4,599,279.0","4,671,102.0","4,751,136.0","4,844,118.0","4,925,354.0","4,992,287.0","5,041,288.0","5,096,020.0","5,235,742.0","5,743,436.0","6,346,990.0","6,472,469.0","6,323,060.0","6,160,128.0","5,984,119.0","5,794,594.0","5,702,398.0","5,718,122.0","5,744,489.0","5,773,493.0"
Lesotho,"2,003,913.0","2,000,853.0","1,994,679.0","1,985,059.0",,"1,971,129.0","1,953,076.0","1,945,063.0","1,953,268.0","1,966,541.0","1,980,883.0","1,996,251.0","2,014,009.0","2,034,354.0","2,056,504.0","2,080,089.0","2,104,611.0","2,130,422.0","2,157,110.0","2,183,603.0","2,209,405.0","2,235,727.0","2,261,542.0","2,286,110.0","2,311,472.0"
Liberia,"2,928,117.0","3,015,338.0","3,094,782.0","3,119,532.0",,"3,156,892.0","3,301,015.0","3,490,787.0","3,669,050.0","3,821,003.0","3,943,028.0","4,058,890.0","4,221,178.0","4,373,043.0","4,470,239.0","4,564,293.0","4,659,431.0","4,755,608.0","4,848,925.0","4,944,726.0","5,043,721.0","5,149,463.0","5,259,323.0","5,373,294.0","5,493,031.0"
Libya,"5,305,021.0","5,403,639.0","5,508,410.0","5,619,398.0",,"5,736,693.0","5,858,798.0","5,980,211.0","6,104,380.0","6,235,430.0","6,366,686.0","6,497,839.0","6,343,203.0","6,179,328.0","6,304,628.0","6,427,252.0","6,531,819.0","6,632,126.0","6,738,770.0","6,849,055.0","6,951,033.0","7,045,399.0","7,135,175.0","7,223,805.0","7,305,659.0"
Liechtenstein,"32,645.0","33,194.0","33,694.0","34,079.0",,"34,447.0","34,753.0","35,037.0","35,262.0","35,473.0","35,742.0","36,022.0","36,312.0","36,657.0","36,984.0","37,248.0","37,494.0","37,716.0","37,962.0","38,246.0","38,563.0","38,901.0","39,182.0","39,493.0","39,850.0"
Lithuania,"3,499,536.0","3,470,818.0","3,443,067.0","3,415,213.0",,"3,377,075.0","3,322,528.0","3,269,909.0","3,231,294.0","3,198,231.0","3,162,916.0","3,097,282.0","3,028,115.0","2,987,773.0","2,957,689.0","2,932,367.0","2,904,910.0","2,868,231.0","2,828,403.0","2,801,543.0","2,794,137.0","2,794,885.0","2,800,839.0","2,831,639.0","2,871,585.0"
Luxembourg,"436,300.0","441,525.0","446,175.0","451,630.0",,"458,095.0","465,158.0","472,637.0","479,993.0","488,650.0","497,783.0","506,953.0","518,347.0","530,946.0","543,360.0","556,319.0","569,604.0","582,014.0","596,336.0","607,950.0","620,001.0","630,419.0","640,064.0","653,103.0","666,430.0"
"Macao SAR, China","430,600.0","433,900.0","438,400.0","443,600.0",,"454,700.0","473,500.0","498,900.0","520,900.0","540,700.0","535,000.0","537,000.0","549,600.0","567,900.0","591,900.0","621,700.0","642,900.0","652,500.0","648,400.0","658,900.0","672,000.0","685,400.0","682,500.0","677,300.0","678,800.0"
Madagascar,"16,516,338.0","17,032,939.0","17,549,913.0","18,071,854.0",,"18,606,608.0","19,159,707.0","19,730,909.0","20,318,583.0","20,923,840.0","21,547,280.0","22,183,340.0","22,822,300.0","23,462,438.0","24,109,290.0","24,764,348.0","25,426,702.0","26,099,952.0","26,788,375.0","27,494,926.0","28,219,554.0","28,953,556.0","29,691,083.0","30,437,261.0","31,195,932.0"
Malawi,"11,315,942.0","11,593,058.0","11,880,440.0","12,181,574.0",,"12,500,737.0","12,840,031.0","13,198,701.0","13,576,343.0","13,976,417.0","14,395,788.0","14,826,463.0","15,265,022.0","15,709,577.0","16,161,816.0","16,621,538.0","17,085,587.0","17,557,739.0","18,039,715.0","18,528,081.0","19,025,752.0","19,533,888.0","20,047,258.0","20,568,728.0","21,104,482.0"
Malaysia,"22,967,816.0","23,526,538.0","24,102,477.0","24,679,602.0",,"25,256,772.0","25,836,071.0","26,417,909.0","26,998,389.0","27,570,059.0","28,124,778.0","28,655,776.0","29,162,039.0","29,662,831.0","30,174,265.0","30,696,137.0","31,232,798.0","31,789,685.0","32,355,644.0","32,910,967.0","33,440,596.0","33,889,558.0","34,282,399.0","34,695,493.0","35,126,298.0"
Maldives,"282,019.0","286,767.0","291,616.0","296,491.0",,"301,413.0","306,429.0","313,851.0","324,479.0","336,170.0","348,275.0","360,792.0","373,674.0","386,818.0","400,070.0","413,617.0","428,154.0","443,308.0","458,287.0","473,099.0","487,731.0","502,118.0","516,154.0","524,106.0","525,994.0"
Mali,"11,559,290.0","11,912,158.0","12,288,050.0","12,684,955.0",,"13,102,409.0","13,538,647.0","13,990,139.0","14,457,775.0","14,940,782.0","15,435,539.0","15,945,198.0","16,469,049.0","16,957,033.0","17,459,615.0","18,020,267.0","18,593,022.0","19,191,289.0","19,813,011.0","20,442,030.0","21,068,405.0","21,713,836.0","22,388,630.0","23,072,640.0","23,769,127.0"
Malta,"390,087.0","393,028.0","395,969.0","398,582.0",,"401,268.0","403,834.0","405,308.0","406,724.0","409,379.0","412,477.0","414,508.0","416,268.0","420,028.0","425,967.0","434,558.0","445,053.0","455,356.0","467,999.0","484,630.0","504,062.0","515,332.0","518,536.0","531,511.0","552,747.0"
Marshall Islands,"50,706.0","51,123.0","51,425.0","51,639.0",,"51,791.0","51,906.0","51,992.0","52,035.0","52,030.0","52,019.0","52,044.0","51,907.0","51,419.0","50,681.0","49,796.0","48,800.0","47,709.0","46,529.0","45,285.0","44,007.0","42,706.0","41,367.0","40,077.0","38,827.0"
Mauritania,"2,613,441.0","2,678,760.0","2,738,655.0","2,802,046.0",,"2,868,664.0","2,939,059.0","3,013,660.0","3,093,059.0","3,183,269.0","3,284,448.0","3,390,965.0","3,502,811.0","3,619,034.0","3,734,318.0","3,848,514.0","3,965,959.0","4,086,657.0","4,210,600.0","4,337,685.0","4,467,708.0","4,600,131.0","4,734,874.0","4,875,637.0","5,022,441.0"
Mauritius,"1,186,873.0","1,196,287.0","1,204,621.0","1,213,370.0",,"1,221,003.0","1,228,254.0","1,233,996.0","1,239,630.0","1,244,121.0","1,247,429.0","1,250,400.0","1,252,404.0","1,255,882.0","1,258,927.0","1,261,208.0","1,262,879.0","1,263,747.0","1,264,887.0","1,265,577.0","1,265,985.0","1,266,014.0","1,266,334.0","1,262,523.0","1,261,041.0"
Mexico,"98,625,552.0","100,099,099.0","101,548,624.0","102,978,515.0",,"104,394,131.0","105,811,504.0","107,253,666.0","108,774,360.0","110,374,288.0","111,999,721.0","113,623,895.0","115,243,504.0","116,818,208.0","118,343,573.0","119,784,261.0","121,072,306.0","122,251,351.0","123,400,057.0","124,573,711.0","125,762,982.0","126,799,054.0","127,648,148.0","128,613,117.0","129,739,759.0"
"Micronesia, Fed. Sts.","112,044.0","112,365.0","112,448.0","112,285.0",,"111,925.0","111,412.0","110,729.0","109,880.0","108,936.0","107,957.0","107,540.0","107,698.0","107,890.0","108,121.0","108,396.0","108,716.0","109,075.0","109,481.0","109,909.0","110,282.0","110,916.0","111,624.0","112,114.0","112,630.0"
Moldova,"2,924,668.0","2,918,135.0","2,911,385.0","2,903,198.0",,"2,896,023.0","2,888,985.0","2,880,967.0","2,874,299.0","2,868,833.0","2,865,213.0","2,862,354.0","2,860,699.0","2,860,324.0","2,859,558.0","2,857,815.0","2,835,978.0","2,803,186.0","2,755,189.0","2,707,203.0","2,664,224.0","2,635,130.0","2,595,809.0","2,528,654.0","2,457,783.0"
Monaco,"32,455.0","32,447.0","32,422.0","32,374.0",,"32,307.0","32,210.0","32,057.0","31,837.0","31,836.0","32,364.0","33,163.0","33,946.0","34,711.0","35,447.0","36,128.0","36,757.0","37,276.0","37,678.0","38,154.0","38,109.0","38,050.0","38,527.0","38,931.0","38,956.0"
Mongolia,"2,388,299.0","2,417,751.0","2,449,027.0","2,480,374.0",,"2,508,412.0","2,536,407.0","2,567,168.0","2,601,850.0","2,643,201.0","2,691,115.0","2,738,622.0","2,786,317.0","2,839,705.0","2,899,011.0","2,963,113.0","3,026,864.0","3,088,856.0","3,148,917.0","3,208,189.0","3,267,673.0","3,327,204.0","3,383,741.0","3,433,748.0","3,481,145.0"
Montenegro,"604,950.0","607,389.0","609,828.0","612,267.0",,"613,353.0","614,261.0","615,025.0","615,875.0","616,969.0","618,294.0","619,428.0","620,079.0","620,601.0","621,207.0","621,810.0","622,159.0","622,303.0","622,373.0","622,227.0","622,028.0","621,306.0","619,211.0","617,213.0","616,177.0"
Morocco,"28,423,435.0","28,814,643.0","29,198,142.0","29,571,415.0",,"29,953,018.0","30,358,144.0","30,771,178.0","31,186,468.0","31,606,767.0","32,030,778.0","32,467,016.0","32,912,588.0","33,355,241.0","33,787,571.0","34,204,780.0","34,607,588.0","35,023,457.0","35,446,392.0","35,839,760.0","36,210,898.0","36,584,208.0","36,954,442.0","37,329,064.0","37,712,505.0"
Mozambique,"18,129,653.0","18,537,729.0","18,958,338.0","19,392,475.0",,"19,840,313.0","20,304,569.0","20,787,087.0","21,287,635.0","21,819,036.0","22,391,745.0","22,999,235.0","23,649,039.0","24,337,846.0","25,051,611.0","25,788,475.0","26,547,572.0","27,337,105.0","28,166,393.0","29,018,644.0","29,884,380.0","30,783,688.0","31,707,800.0","32,656,246.0","33,635,160.0"
Myanmar,"45,290,841.0","45,771,139.0","46,232,653.0","46,667,192.0",,"47,068,772.0","47,438,365.0","47,785,135.0","48,125,043.0","48,390,793.0","48,660,459.0","49,024,382.0","49,419,820.0","49,837,446.0","50,262,658.0","50,681,634.0","51,089,056.0","51,495,696.0","51,894,938.0","52,272,247.0","52,640,713.0","53,016,522.0","53,387,102.0","53,756,787.0","54,133,798.0"
Namibia,"1,818,647.0","1,857,048.0","1,889,970.0","1,917,464.0",,"1,942,082.0","1,966,582.0","1,991,888.0","2,018,600.0","2,047,056.0","2,077,394.0","2,109,811.0","2,146,325.0","2,194,654.0","2,252,508.0","2,312,139.0","2,374,300.0","2,439,213.0","2,506,853.0","2,577,327.0","2,650,494.0","2,728,762.0","2,810,548.0","2,889,662.0","2,963,095.0"
Nauru,"10,168.0","10,130.0","10,082.0","10,059.0",,"10,060.0","10,049.0","10,034.0","10,020.0","10,009.0","10,016.0","10,043.0","10,098.0","10,267.0","10,517.0","10,742.0","10,954.0","11,150.0","11,324.0","11,477.0","11,587.0","11,643.0","11,709.0","11,801.0","11,875.0"
Nepal,"24,546,509.0","24,946,748.0","25,328,981.0","25,688,758.0",,"26,016,656.0","26,309,458.0","26,565,425.0","26,788,492.0","26,990,037.0","27,173,035.0","27,341,952.0","27,464,494.0","27,534,915.0","27,589,996.0","27,672,370.0","27,823,629.0","27,955,462.0","28,011,258.0","28,079,689.0","28,414,064.0","28,966,574.0","29,475,010.0","29,715,436.0","29,694,614.0"
Netherlands,"15,925,513.0","16,046,180.0","16,148,929.0","16,225,302.0",,"16,281,779.0","16,319,868.0","16,346,101.0","16,381,696.0","16,445,593.0","16,530,388.0","16,615,394.0","16,693,074.0","16,754,962.0","16,804,432.0","16,865,008.0","16,939,923.0","17,030,314.0","17,131,296.0","17,231,624.0","17,344,874.0","17,441,500.0","17,533,044.0","17,700,982.0","17,877,117.0"
New Caledonia,"223,098.0","227,707.0","232,236.0","236,678.0",,"240,852.0","244,381.0","247,547.0","250,725.0","253,825.0","257,250.0","261,582.0","266,543.0","271,633.0","276,822.0","281,224.0","283,168.0","283,423.0","283,546.0","283,541.0","283,606.0","284,176.0","285,214.0","287,123.0","289,870.0"
New Zealand,"3,857,700.0","3,880,500.0","3,948,500.0","4,027,200.0",,"4,087,500.0","4,133,900.0","4,184,600.0","4,223,800.0","4,259,800.0","4,302,600.0","4,350,700.0","4,384,000.0","4,408,100.0","4,442,100.0","4,516,500.0","4,609,400.0","4,714,100.0","4,813,600.0","4,900,600.0","4,979,200.0","5,090,200.0","5,111,300.0","5,117,200.0","5,223,100.0"
Nicaragua,"5,022,633.0","5,087,825.0","5,149,909.0","5,210,963.0",,"5,272,912.0","5,342,105.0","5,418,855.0","5,497,243.0","5,576,593.0","5,656,601.0","5,737,450.0","5,819,051.0","5,901,287.0","5,983,845.0","6,066,492.0","6,149,417.0","6,232,666.0","6,316,231.0","6,400,080.0","6,483,657.0","6,565,267.0","6,644,741.0","6,730,654.0","6,823,613.0"
Niger,"11,509,630.0","11,920,647.0","12,349,144.0","12,796,984.0",,"13,265,836.0","13,756,192.0","14,268,581.0","14,803,610.0","15,361,915.0","15,943,675.0","16,548,835.0","17,176,283.0","17,836,769.0","18,519,898.0","19,215,909.0","19,939,498.0","20,685,753.0","21,435,446.0","22,188,069.0","22,947,757.0","23,717,613.0","24,502,140.0","25,311,973.0","26,159,867.0"
Nigeria,"126,382,494.0","129,862,595.0","133,471,989.0","137,202,644.0",,"141,057,045.0","145,017,253.0","149,077,334.0","153,267,261.0","157,595,014.0","162,049,464.0","166,642,886.0","171,379,598.0","176,200,625.0","181,049,443.0","185,896,915.0","190,671,878.0","195,443,700.0","200,254,579.0","204,938,755.0","209,485,641.0","213,996,181.0","218,529,286.0","223,150,896.0","227,882,945.0"
North Macedonia,"2,026,350.0","2,034,882.0","2,020,157.0","2,022,725.0",,"2,016,186.0","2,005,330.0","1,994,287.0","1,982,933.0","1,971,493.0","1,958,782.0","1,946,298.0","1,937,398.0","1,929,821.0","1,922,716.0","1,917,557.0","1,912,430.0","1,906,313.0","1,898,657.0","1,889,051.0","1,876,262.0","1,856,124.0","1,837,114.0","1,831,712.0","1,827,816.0"
Northern Mariana Islands,"68,356.0","67,984.0","66,778.0","65,421.0",,"63,938.0","62,354.0","60,682.0","58,941.0","57,150.0","55,325.0","54,091.0","53,608.0","53,234.0","52,758.0","52,178.0","51,514.0","50,773.0","49,959.0","49,077.0","48,129.0","47,528.0","46,979.0","46,078.0","45,143.0"
Norway,"4,490,967.0","4,513,751.0","4,538,159.0","4,564,855.0",,"4,591,910.0","4,623,291.0","4,660,677.0","4,709,153.0","4,768,212.0","4,828,726.0","4,889,252.0","4,953,088.0","5,018,573.0","5,079,623.0","5,137,232.0","5,188,607.0","5,234,519.0","5,276,968.0","5,311,916.0","5,347,896.0","5,379,475.0","5,408,320.0","5,457,127.0","5,519,594.0"
Oman,"2,282,131.0","2,310,217.0","2,337,140.0","2,363,796.0",,"2,404,821.0","2,459,802.0","2,514,795.0","2,570,174.0","2,626,529.0","2,684,659.0","2,757,446.0","3,076,763.0","3,547,106.0","3,833,913.0","4,002,439.0","4,184,895.0","4,390,877.0","4,537,396.0","4,597,877.0","4,591,241.0","4,522,497.0","4,500,424.0","4,730,226.0","5,049,269.0"
Pakistan,"154,879,127.0","159,270,907.0","163,222,549.0","167,110,248.0",,"171,286,000.0","175,453,212.0","179,682,690.0","184,493,231.0","189,499,113.0","194,376,534.0","199,239,047.0","203,746,065.0","207,667,125.0","211,073,978.0","214,264,647.0","217,290,883.0","220,138,869.0","223,273,967.0","226,928,892.0","230,800,899.0","235,001,746.0","239,477,801.0","243,700,667.0","247,504,495.0"
Palau,"19,178.0","19,352.0","19,503.0","19,659.0",,"19,820.0","19,819.0","19,593.0","19,302.0","19,009.0","18,709.0","18,396.0","18,078.0","17,765.0","17,648.0","17,715.0","17,770.0","17,797.0","17,812.0","17,814.0","17,798.0","17,792.0","17,783.0","17,759.0","17,727.0"
Panama,"3,010,369.0","3,069,537.0","3,129,344.0","3,189,807.0",,"3,251,155.0","3,313,026.0","3,375,024.0","3,437,490.0","3,500,648.0","3,564,381.0","3,628,535.0","3,693,505.0","3,759,256.0","3,825,329.0","3,892,101.0","3,960,035.0","4,029,086.0","4,098,707.0","4,167,860.0","4,234,700.0","4,293,261.0","4,345,405.0","4,400,773.0","4,458,759.0"
Papua New Guinea,"5,537,064.0","5,728,435.0","5,924,003.0","6,123,997.0",,"6,328,041.0","6,535,905.0","6,747,720.0","6,963,345.0","7,183,002.0","7,406,438.0","7,633,523.0","7,859,346.0","8,081,390.0","8,302,698.0","8,523,441.0","8,743,246.0","8,961,718.0","9,178,714.0","9,394,513.0","9,609,010.0","9,815,746.0","10,012,896.0","10,203,169.0","10,389,635.0"
Paraguay,"5,100,868.0","5,187,689.0","5,261,328.0","5,326,436.0",,"5,388,175.0","5,448,097.0","5,505,148.0","5,559,386.0","5,613,574.0","5,671,236.0","5,737,971.0","5,814,626.0","5,897,008.0","5,982,445.0","6,069,811.0","6,159,103.0","6,249,126.0","6,338,660.0","6,427,382.0","6,515,058.0","6,603,739.0","6,684,182.0","6,760,464.0","6,844,146.0"
Peru,"26,598,331.0","26,964,601.0","27,288,217.0","27,580,490.0",,"27,852,190.0","28,101,180.0","28,324,491.0","28,530,699.0","28,719,041.0","28,896,811.0","29,086,019.0","29,304,086.0","29,550,366.0","29,817,919.0","30,115,826.0","30,457,600.0","30,866,494.0","31,324,637.0","31,897,584.0","32,449,303.0","32,838,579.0","33,155,882.0","33,475,438.0","33,845,617.0"
Philippines,"79,625,397.0","81,401,488.0","83,068,889.0","84,731,835.0",,"86,394,504.0","88,015,962.0","89,508,986.0","91,075,184.0","92,699,095.0","94,384,250.0","96,337,125.0","98,248,614.0","100,175,512.0","102,076,336.0","103,767,130.0","105,312,992.0","106,735,719.0","108,119,693.0","109,465,287.0","110,804,683.0","112,081,264.0","113,100,950.0","113,964,338.0","114,891,199.0"
Poland,"38,258,629.0","38,248,076.0","38,230,364.0","38,204,570.0",,"38,182,222.0","38,165,445.0","38,141,267.0","38,120,560.0","38,125,759.0","38,151,603.0","38,042,794.0","38,063,255.0","38,063,164.0","38,040,196.0","38,011,735.0","37,986,412.0","37,970,087.0","37,974,826.0","37,974,750.0","37,965,475.0","37,899,070.0","36,981,559.0","36,821,749.0","36,687,353.0"
Portugal,"10,289,898.0","10,362,722.0","10,419,631.0","10,458,821.0",,"10,483,861.0","10,503,330.0","10,522,288.0","10,542,964.0","10,558,177.0","10,568,247.0","10,573,100.0","10,557,560.0","10,514,844.0","10,457,295.0","10,401,062.0","10,358,076.0","10,325,452.0","10,300,300.0","10,283,822.0","10,286,263.0","10,297,081.0","10,361,831.0","10,434,332.0","10,578,174.0"
Puerto Rico,"3,810,605.0","3,818,774.0","3,823,701.0","3,826,095.0",,"3,826,878.0","3,821,362.0","3,805,214.0","3,782,995.0","3,760,866.0","3,740,410.0","3,721,525.0","3,678,732.0","3,634,488.0","3,593,077.0","3,534,874.0","3,473,232.0","3,406,672.0","3,325,286.0","3,193,354.0","3,193,694.0","3,281,557.0","3,262,693.0","3,220,113.0","3,205,691.0"
Qatar,"644,989.0","677,925.0","711,205.0","744,682.0",,"773,332.0","825,408.0","972,831.0","1,208,595.0","1,426,938.0","1,608,903.0","1,616,832.0","1,624,761.0","1,722,438.0","1,916,426.0","2,151,745.0","2,344,557.0","2,477,113.0","2,545,820.0","2,580,734.0","2,638,657.0","2,794,148.0","2,504,910.0","2,657,333.0","2,656,032.0"
Romania,"22,442,971.0","22,131,970.0","21,730,496.0","21,574,326.0",,"21,451,748.0","21,319,685.0","21,193,760.0","20,882,982.0","20,537,875.0","20,367,487.0","20,246,871.0","20,147,528.0","20,058,035.0","19,983,693.0","19,908,979.0","19,815,616.0","19,702,267.0","19,588,715.0","19,473,970.0","19,371,648.0","19,265,250.0","19,122,059.0","19,048,502.0","19,059,479.0"
Russian Federation,"146,596,869.0","145,976,482.0","145,306,497.0","144,648,618.0",,"144,067,316.0","143,518,814.0","143,049,637.0","142,805,114.0","142,742,366.0","142,785,348.0","142,849,468.0","143,018,195.0","143,378,447.0","143,805,638.0","144,237,223.0","144,640,716.0","145,015,460.0","145,293,260.0","145,398,106.0","145,453,291.0","145,245,148.0","144,746,762.0","144,236,933.0","143,826,130.0"
Rwanda,"8,213,931.0","8,287,094.0","8,400,180.0","8,586,875.0",,"8,816,844.0","9,054,528.0","9,299,246.0","9,549,933.0","9,804,269.0","10,060,432.0","10,317,553.0","10,573,733.0","10,829,901.0","11,093,340.0","11,364,757.0","11,640,022.0","11,919,183.0","12,202,060.0","12,487,996.0","12,776,103.0","13,065,837.0","13,355,260.0","13,651,030.0","13,954,471.0"
Samoa,"181,685.0","183,166.0","184,471.0","185,430.0",,"186,249.0","186,978.0","187,709.0","188,753.0","190,107.0","191,513.0","193,023.0","194,713.0","196,498.0","198,268.0","200,037.0","201,782.0","203,499.0","205,415.0","207,582.0","209,780.0","211,944.0","213,779.0","215,261.0","216,663.0"
San Marino,"26,799.0","27,143.0","27,491.0","27,843.0",,"29,457.0","29,836.0","30,184.0","31,211.0","31,662.0","33,066.0","33,270.0","32,620.0","33,469.0","33,041.0","32,655.0","32,897.0","33,101.0","33,825.0","34,522.0","34,663.0","34,770.0","34,252.0","33,755.0","33,860.0"
Sao Tome and Principe,"144,018.0","146,375.0","149,922.0","153,814.0",,"157,705.0","161,639.0","165,638.0","169,700.0","173,793.0","177,853.0","181,802.0","185,649.0","189,439.0","193,148.0","196,767.0","200,291.0","203,689.0","206,970.0","210,187.0","213,392.0","217,435.0","221,961.0","226,305.0","230,871.0"
Saudi Arabia,"16,177,722.0","17,041,397.0","17,910,910.0","18,786,767.0",,"19,669,480.0","20,559,890.0","21,459,144.0","22,368,313.0","23,287,877.0","24,217,654.0","23,978,487.0","25,091,867.0","26,168,861.0","27,624,004.0","28,309,273.0","29,816,382.0","30,954,198.0","30,977,355.0","30,196,281.0","30,063,799.0","31,552,510.0","30,784,383.0","32,175,224.0","33,264,292.0"
Senegal,"9,968,260.0","10,212,942.0","10,466,214.0","10,721,176.0",,"10,975,704.0","11,235,472.0","11,500,094.0","11,770,344.0","12,048,959.0","12,337,389.0","12,635,413.0","12,958,897.0","13,310,495.0","13,710,849.0","14,152,102.0","14,593,331.0","15,034,521.0","15,475,002.0","15,914,498.0","16,352,922.0","16,789,219.0","17,220,867.0","17,651,103.0","18,077,573.0"
Serbia,"7,516,346.0","7,503,433.0","7,500,031.0","7,480,591.0",,"7,463,157.0","7,440,769.0","7,411,569.0","7,381,579.0","7,350,222.0","7,320,807.0","7,291,436.0","7,236,519.0","7,201,497.0","7,166,553.0","7,131,787.0","7,095,383.0","7,058,322.0","7,020,858.0","6,982,604.0","6,945,235.0","6,899,126.0","6,834,326.0","6,664,449.0","6,623,183.0"
Seychelles,"81,131.0","81,202.0","83,723.0","82,781.0",,"82,475.0","82,858.0","84,600.0","85,033.0","86,956.0","87,298.0","89,770.0","87,441.0","88,303.0","89,949.0","91,359.0","93,419.0","94,677.0","95,843.0","96,762.0","97,625.0","98,462.0","99,258.0","119,878.0","119,773.0"
Sierra Leone,"4,423,611.0","4,692,716.0","4,971,435.0","5,177,687.0",,"5,355,717.0","5,501,712.0","5,624,466.0","5,749,352.0","5,894,722.0","6,055,646.0","6,222,714.0","6,387,251.0","6,551,080.0","6,714,051.0","6,876,385.0","7,037,655.0","7,205,328.0","7,379,299.0","7,554,563.0","7,731,991.0","7,912,558.0","8,094,602.0","8,276,807.0","8,460,512.0"
Singapore,"4,027,887.0","4,138,012.0","4,175,950.0","4,114,826.0",,"4,166,664.0","4,265,762.0","4,401,365.0","4,588,599.0","4,839,396.0","4,987,573.0","5,076,732.0","5,183,688.0","5,312,437.0","5,399,162.0","5,469,724.0","5,535,002.0","5,607,283.0","5,612,253.0","5,638,676.0","5,703,569.0","5,685,807.0","5,453,566.0","5,637,022.0","5,917,648.0"
Sint Maarten (Dutch part),"30,773.0","30,726.0","30,960.0","31,327.0",,"31,690.0","32,057.0","32,428.0","32,791.0","33,145.0","33,491.0","33,794.0","34,267.0","35,023.0","35,854.0","36,672.0","37,471.0","38,249.0","38,996.0","39,712.0","40,385.0","41,008.0","41,571.0","42,139.0","42,749.0"
Slovak Republic,"5,388,720.0","5,378,867.0","5,376,912.0","5,373,374.0",,"5,372,280.0","5,372,807.0","5,373,054.0","5,374,622.0","5,379,233.0","5,386,406.0","5,391,428.0","5,398,384.0","5,407,579.0","5,413,393.0","5,418,649.0","5,423,801.0","5,430,798.0","5,439,232.0","5,446,771.0","5,454,147.0","5,458,827.0","5,447,247.0","5,431,752.0","5,426,740.0"
Slovenia,"1,988,925.0","1,992,060.0","1,994,530.0","1,995,733.0",,"1,997,012.0","2,000,474.0","2,006,868.0","2,018,122.0","2,021,316.0","2,039,669.0","2,048,583.0","2,052,843.0","2,057,159.0","2,059,953.0","2,061,980.0","2,063,531.0","2,065,042.0","2,066,388.0","2,073,894.0","2,088,385.0","2,102,419.0","2,108,079.0","2,112,076.0","2,120,461.0"
Solomon Islands,"440,469.0","449,125.0","457,671.0","466,154.0",,"474,611.0","483,080.0","491,594.0","500,156.0","508,790.0","518,141.0","532,968.0","552,945.0","573,606.0","594,945.0","616,908.0","639,415.0","662,379.0","685,672.0","709,101.0","728,147.0","744,498.0","762,591.0","781,066.0","800,005.0"
Somalia,"8,838,713.0","9,198,493.0","9,550,063.0","9,909,157.0",,"10,280,998.0","10,644,228.0","10,975,502.0","11,322,582.0","11,663,084.0","11,961,201.0","12,261,756.0","12,348,830.0","12,461,160.0","12,869,594.0","13,339,491.0","13,806,963.0","14,348,740.0","14,916,629.0","15,452,487.0","16,030,971.0","16,651,191.0","17,271,431.0","17,801,897.0","18,358,615.0"
South Africa,"47,159,719.0","47,566,800.0","48,019,415.0","48,500,348.0",,"48,991,421.0","49,490,033.0","49,998,277.0","50,528,584.0","51,114,599.0","51,728,516.0","52,344,051.0","52,995,205.0","53,782,567.0","54,678,791.0","55,594,838.0","56,723,537.0","57,259,551.0","57,635,162.0","58,613,001.0","59,587,885.0","60,562,381.0","61,502,603.0","62,378,410.0","63,212,384.0"
South Sudan,"6,032,267.0","6,308,391.0","6,596,806.0","6,903,127.0",,"7,233,041.0","7,590,143.0","7,976,526.0","8,388,788.0","8,817,647.0","9,243,556.0","9,745,953.0","10,288,109.0","10,756,240.0","11,166,275.0","11,235,073.0","11,107,561.0","10,830,102.0","10,259,154.0","10,122,977.0","10,423,384.0","10,698,467.0","10,865,780.0","11,021,177.0","11,483,374.0"
Spain,"40,567,864.0","40,850,412.0","41,431,558.0","42,187,645.0",,"42,921,895.0","43,653,155.0","44,397,319.0","45,226,803.0","45,954,106.0","46,362,946.0","46,576,897.0","46,742,697.0","46,773,055.0","46,620,045.0","46,480,882.0","46,444,832.0","46,484,062.0","46,593,236.0","46,797,754.0","47,134,837.0","47,365,655.0","47,415,794.0","47,759,127.0","48,347,910.0"
Sri Lanka,"19,293,054.0","19,600,362.0","19,805,752.0","19,951,521.0",,"20,087,605.0","20,216,524.0","20,352,411.0","20,492,545.0","20,629,378.0","20,756,435.0","20,879,089.0","21,009,048.0","21,169,458.0","20,585,000.0","20,778,000.0","20,970,000.0","21,209,000.0","21,444,000.0","21,670,000.0","21,803,000.0","21,919,000.0","22,156,000.0","22,181,000.0","22,037,000.0"
St. Kitts and Nevis,"45,248.0","45,761.0","46,020.0","46,176.0",,"46,315.0","46,437.0","46,569.0","46,706.0","46,835.0","46,916.0","46,846.0","46,886.0","47,033.0","47,069.0","47,089.0","47,087.0","47,075.0","47,050.0","47,008.0","46,952.0","46,870.0","46,763.0","46,709.0","46,758.0"
St. Lucia,"158,616.0","160,237.0","161,641.0","162,976.0",,"164,239.0","165,450.0","166,639.0","167,758.0","168,808.0","169,869.0","170,906.0","171,801.0","172,587.0","173,369.0","174,138.0","174,905.0","175,646.0","176,342.0","177,017.0","177,661.0","178,250.0","178,522.0","178,781.0","179,285.0"
St. Martin (French part),"29,996.0","30,803.0","31,604.0","32,395.0",,"33,171.0","33,928.0","34,658.0","35,337.0","35,958.0","36,502.0","36,856.0","37,069.0","37,276.0","37,419.0","37,450.0","37,369.0","37,175.0","36,837.0","36,012.0","34,267.0","31,786.0","29,961.0","28,870.0","27,515.0"
St. Vincent and the Grenadines,"113,545.0","113,501.0","113,347.0","113,141.0",,"112,835.0","112,450.0","112,014.0","111,531.0","111,028.0","110,508.0","109,959.0","109,349.0","108,736.0","108,135.0","107,535.0","106,960.0","106,349.0","105,663.0","104,926.0","104,167.0","103,526.0","102,841.0","102,046.0","101,323.0"
Sudan,"27,816,745.0","28,516,770.0","29,228,727.0","29,896,035.0",,"30,556,637.0","31,262,444.0","31,992,435.0","32,764,135.0","33,623,980.0","34,569,113.0","35,414,399.0","36,140,806.0","36,923,178.0","37,785,849.0","38,823,318.0","40,024,431.0","41,259,892.0","42,714,306.0","44,230,596.0","45,548,175.0","46,789,231.0","48,066,924.0","49,383,346.0","50,042,791.0"
Suriname,"476,643.0","486,560.0","496,551.0","506,414.0",,"513,923.0","519,313.0","524,997.0","531,016.0","537,245.0","543,568.0","549,923.0","556,269.0","562,633.0","569,020.0","575,373.0","581,627.0","587,757.0","593,713.0","599,513.0","605,768.0","612,317.0","617,896.0","623,164.0","628,886.0"
Sweden,"8,872,109.0","8,895,960.0","8,924,958.0","8,958,229.0",,"8,993,531.0","9,029,572.0","9,080,505.0","9,148,092.0","9,219,637.0","9,298,515.0","9,378,126.0","9,449,213.0","9,519,374.0","9,600,379.0","9,696,110.0","9,799,186.0","9,923,085.0","10,057,698.0","10,175,214.0","10,278,887.0","10,353,442.0","10,415,811.0","10,486,941.0","10,536,632.0"
Switzerland,"7,184,250.0","7,229,854.0","7,284,753.0","7,339,001.0",,"7,389,625.0","7,437,115.0","7,483,934.0","7,551,117.0","7,647,675.0","7,743,831.0","7,824,909.0","7,912,398.0","7,996,861.0","8,089,346.0","8,188,649.0","8,282,396.0","8,373,338.0","8,451,840.0","8,514,329.0","8,575,280.0","8,638,167.0","8,704,546.0","8,777,088.0","8,888,093.0"
Syrian Arab Republic,"16,637,888.0","17,051,338.0","17,468,332.0","17,889,296.0",,"18,336,875.0","18,814,091.0","19,637,022.0","20,884,125.0","21,636,564.0","21,976,969.0","22,482,421.0","22,878,098.0","22,759,763.0","21,666,917.0","20,273,659.0","19,424,618.0","19,193,834.0","19,224,668.0","19,577,845.0","20,353,534.0","21,049,429.0","21,628,839.0","22,462,173.0","23,594,623.0"
Tajikistan,"6,284,735.0","6,407,377.0","6,531,669.0","6,658,575.0",,"6,790,547.0","6,924,720.0","7,057,566.0","7,194,477.0","7,338,403.0","7,490,230.0","7,652,141.0","7,824,785.0","8,014,084.0","8,216,724.0","8,425,552.0","8,643,840.0","8,865,631.0","9,085,946.0","9,307,333.0","9,529,966.0","9,749,310.0","9,966,908.0","10,182,222.0","10,389,799.0"
Tanzania,"34,260,139.0","35,198,299.0","36,121,304.0","37,089,555.0",,"38,109,668.0","39,182,076.0","40,294,902.0","41,435,512.0","42,570,728.0","43,633,982.0","44,758,488.0","46,029,367.0","47,374,260.0","48,824,128.0","50,351,512.0","52,020,962.0","53,824,013.0","55,652,890.0","57,437,145.0","59,174,891.0","60,972,798.0","62,830,412.0","64,711,821.0","66,617,606.0"
Thailand,"63,007,815.0","63,651,141.0","64,266,437.0","64,868,166.0",,"65,452,047.0","66,017,420.0","66,567,687.0","67,102,394.0","67,619,830.0","68,121,080.0","68,579,447.0","69,007,208.0","69,436,098.0","69,845,114.0","70,216,367.0","70,540,795.0","70,859,841.0","71,160,187.0","71,376,079.0","71,522,271.0","71,641,484.0","71,727,332.0","71,735,329.0","71,702,435.0"
Timor-Leste,"745,088.0","812,249.0","879,159.0","916,878.0",,"929,074.0","948,311.0","976,597.0","1,004,889.0","1,032,429.0","1,058,782.0","1,084,679.0","1,110,207.0","1,134,885.0","1,158,695.0","1,181,903.0","1,205,131.0","1,228,312.0","1,251,703.0","1,275,959.0","1,300,945.0","1,326,053.0","1,350,139.0","1,369,295.0","1,384,286.0"
Togo,"5,140,037.0","5,277,382.0","5,413,274.0","5,552,167.0",,"5,696,508.0","5,844,631.0","6,010,668.0","6,188,344.0","6,368,812.0","6,551,865.0","6,732,590.0","6,916,474.0","7,100,736.0","7,285,442.0","7,472,450.0","7,663,195.0","7,858,289.0","8,057,140.0","8,258,778.0","8,463,068.0","8,669,720.0","8,878,379.0","9,089,738.0","9,304,337.0"
Tonga,"102,677.0","103,288.0","103,874.0","104,464.0",,"105,071.0","105,671.0","106,253.0","106,726.0","107,020.0","107,203.0","107,400.0","107,570.0","107,460.0","107,078.0","106,609.0","106,095.0","105,524.0","105,356.0","105,567.0","105,669.0","105,704.0","105,490.0","105,042.0","104,597.0"
Trinidad and Tobago,"1,319,774.0","1,325,567.0","1,332,011.0","1,338,709.0",,"1,345,380.0","1,294,494.0","1,297,944.0","1,303,188.0","1,308,587.0","1,310,106.0","1,317,714.0","1,328,019.0","1,335,194.0","1,340,557.0","1,345,343.0","1,349,667.0","1,353,895.0","1,356,633.0","1,359,193.0","1,363,985.0","1,366,725.0","1,367,558.0","1,365,805.0","1,367,510.0"
Tunisia,"9,764,935.0","9,869,677.0","9,971,515.0","10,071,632.0",,"10,166,163.0","10,255,472.0","10,346,410.0","10,441,702.0","10,542,635.0","10,650,681.0","10,765,980.0","10,886,035.0","11,009,647.0","11,141,361.0","11,274,288.0","11,402,264.0","11,528,674.0","11,650,498.0","11,765,514.0","11,875,081.0","11,974,057.0","12,048,622.0","12,119,334.0","12,200,431.0"
Turkiye,"65,425,961.0","66,245,128.0","67,048,795.0","67,831,730.0",,"68,592,617.0","69,329,557.0","70,045,349.0","70,158,112.0","71,051,678.0","72,039,206.0","73,142,150.0","74,223,629.0","75,175,827.0","76,147,624.0","77,181,884.0","78,218,479.0","79,277,962.0","80,312,698.0","81,407,204.0","82,579,440.0","83,384,680.0","84,147,318.0","84,979,913.0","85,325,965.0"
Turkmenistan,"4,582,677.0","4,675,409.0","4,769,465.0","4,863,865.0",,"4,958,093.0","5,052,257.0","5,147,105.0","5,244,046.0","5,345,029.0","5,451,592.0","5,564,356.0","5,683,417.0","5,808,546.0","5,939,341.0","6,075,283.0","6,215,770.0","6,360,041.0","6,507,061.0","6,655,524.0","6,803,944.0","6,949,912.0","7,092,043.0","7,230,193.0","7,364,438.0"
Turks and Caicos Islands,"18,730.0","19,576.0","20,597.0","21,727.0",,"22,856.0","23,988.0","25,123.0","26,270.0","27,427.0","28,588.0","29,739.0","30,846.0","32,127.0","33,653.0","35,050.0","36,605.0","38,315.0","39,913.0","41,559.0","43,166.0","44,386.0","45,243.0","45,847.0","46,198.0"
Tuvalu,"9,544.0","9,586.0","9,623.0","9,695.0",,"9,816.0","9,940.0","10,056.0","10,182.0","10,321.0","10,461.0","10,614.0","10,780.0","10,934.0","11,001.0","10,984.0","10,963.0","10,930.0","10,869.0","10,751.0","10,581.0","10,399.0","10,194.0","9,992.0","9,816.0"
Uganda,"24,000,150.0","24,745,676.0","25,532,870.0","26,352,124.0",,"27,154,515.0","27,963,289.0","28,794,003.0","29,653,430.0","30,539,553.0","31,451,151.0","32,390,802.0","33,354,543.0","34,337,438.0","35,337,042.0","36,395,539.0","37,531,446.0","38,799,152.0","40,177,388.0","41,565,831.0","42,999,637.0","44,457,152.0","45,910,930.0","47,312,719.0","48,656,601.0"
Ukraine,"49,556,660.0","49,106,855.0","48,677,281.0","48,315,136.0",,"47,979,507.0","47,585,556.0","47,278,694.0","47,062,798.0","46,819,175.0","46,623,731.0","46,456,003.0","46,307,853.0","46,210,056.0","46,126,770.0","45,972,380.0","45,784,896.0","45,616,832.0","45,436,041.0","45,208,907.0","44,957,458.0","44,680,014.0","44,298,640.0","41,048,766.0","37,732,836.0"
United Arab Emirates,"3,493,575.0","3,723,590.0","3,956,826.0","4,192,457.0",,"4,428,967.0","4,664,790.0","5,009,100.0","5,624,635.0","6,302,664.0","6,707,058.0","6,869,838.0","7,104,538.0","7,391,448.0","7,693,031.0","8,059,440.0","8,505,237.0","8,935,095.0","9,223,225.0","9,346,701.0","9,445,785.0","9,401,038.0","9,575,152.0","10,074,977.0","10,483,751.0"
United Kingdom,"58,892,514.0","59,119,673.0","59,370,479.0","59,647,577.0",,"59,987,905.0","60,401,206.0","60,846,820.0","61,322,463.0","61,806,995.0","62,276,270.0","62,766,365.0","63,258,810.0","63,700,215.0","64,128,273.0","64,602,298.0","65,116,219.0","65,611,593.0","66,058,859.0","66,460,344.0","66,836,327.0","67,081,234.0","67,026,292.0","67,791,000.0","68,350,000.0"
United States,"282,162,411.0","284,968,955.0","287,625,193.0","290,107,933.0",,"292,805,298.0","295,516,599.0","298,379,912.0","301,231,207.0","304,093,966.0","306,771,529.0","309,327,143.0","311,583,481.0","313,877,662.0","316,059,947.0","318,386,329.0","320,738,994.0","323,071,755.0","325,122,128.0","326,838,199.0","328,329,953.0","331,526,933.0","332,048,977.0","333,271,411.0","334,914,895.0"
Uruguay,"3,266,206.0","3,274,251.0","3,278,867.0","3,281,186.0",,"3,283,148.0","3,285,771.0","3,289,506.0","3,295,153.0","3,302,177.0","3,310,091.0","3,318,580.0","3,326,825.0","3,335,401.0","3,345,337.0","3,356,334.0","3,368,017.0","3,379,283.0","3,388,438.0","3,394,534.0","3,397,206.0","3,398,968.0","3,396,695.0","3,390,913.0","3,388,081.0"
Uzbekistan,"24,787,054.0","25,090,283.0","25,399,980.0","25,711,259.0",,"26,029,350.0","26,356,975.0","26,699,043.0","27,076,008.0","27,494,774.0","27,939,328.0","28,385,506.0","28,823,196.0","29,261,903.0","29,724,065.0","30,222,994.0","30,749,346.0","31,284,568.0","31,819,178.0","32,373,490.0","32,964,701.0","33,586,372.0","34,243,696.0","34,938,955.0","35,652,307.0"
Vanuatu,"186,281.0","191,031.0","195,863.0","200,746.0",,"205,711.0","210,760.0","215,923.0","221,276.0","226,896.0","232,731.0","238,248.0","243,474.0","248,883.0","254,482.0","260,240.0","266,101.0","272,087.0","278,507.0","285,259.0","291,985.0","298,858.0","305,868.0","313,046.0","320,409.0"
"Venezuela, RB","24,526,708.0","24,979,922.0","25,435,671.0","25,892,703.0",,"26,340,838.0","26,785,804.0","27,224,686.0","27,649,363.0","28,053,696.0","28,438,298.0","28,813,101.0","29,185,212.0","29,553,826.0","29,912,198.0","30,254,079.0","30,573,972.0","30,765,720.0","30,565,323.0","29,807,592.0","28,938,098.0","28,444,077.0","28,237,826.0","28,213,017.0","28,300,854.0"
Viet Nam,"77,154,011.0","77,969,361.0","78,772,224.0","79,563,777.0",,"80,338,971.0","81,088,313.0","82,167,897.0","83,633,375.0","85,175,788.0","86,460,018.0","87,455,152.0","88,468,314.0","89,510,356.0","90,573,104.0","91,679,578.0","92,823,254.0","94,000,117.0","95,176,977.0","96,237,319.0","97,173,776.0","98,079,191.0","98,935,098.0","99,680,655.0","100,352,192.0"
Virgin Islands (U.S.),"108,642.0","108,549.0","108,509.0","108,505.0",,"108,466.0","108,453.0","108,369.0","108,337.0","108,397.0","108,404.0","108,357.0","108,290.0","108,188.0","108,041.0","107,882.0","107,712.0","107,516.0","107,281.0","107,001.0","106,669.0","106,290.0","105,870.0","105,413.0","104,917.0"
West Bank and Gaza,"2,922,153.0","2,997,784.0","3,075,373.0","3,154,969.0",,"3,236,626.0","3,320,396.0","3,406,334.0","3,494,496.0","3,591,977.0","3,689,099.0","3,786,161.0","3,882,986.0","3,979,998.0","4,076,708.0","4,173,398.0","4,270,092.0","4,367,088.0","4,454,805.0","4,569,087.0","4,685,306.0","4,803,269.0","4,922,749.0","5,043,612.0","5,165,775.0"
"Yemen, Rep.","19,624,141.0","20,226,147.0","20,835,086.0","21,456,379.0",,"22,095,167.0","22,790,085.0","23,543,083.0","24,318,082.0","25,111,941.0","25,927,724.0","26,754,387.0","27,582,897.0","28,433,647.0","29,312,952.0","30,226,309.0","31,159,379.0","32,109,010.0","33,090,921.0","34,085,182.0","35,111,408.0","36,134,863.0","37,140,230.0","38,222,876.0","39,390,799.0"
Zambia,"10,017,631.0","10,325,185.0","10,647,949.0","10,983,595.0",,"11,338,198.0","11,718,819.0","12,129,553.0","12,565,085.0","13,021,324.0","13,490,389.0","13,965,594.0","14,437,796.0","14,913,629.0","15,398,997.0","15,895,315.0","16,399,089.0","16,914,423.0","17,441,320.0","17,973,569.0","18,513,839.0","19,059,395.0","19,603,607.0","20,152,938.0","20,723,965.0"
Zimbabwe,"11,892,055.0","11,971,901.0","12,087,653.0","12,232,323.0",,"12,365,896.0","12,483,432.0","12,636,445.0","12,804,058.0","12,959,149.0","13,142,790.0","13,356,548.0","13,595,424.0","13,817,887.0","14,013,808.0","14,207,359.0","14,399,013.0","14,600,294.0","14,812,482.0","15,034,452.0","15,271,368.0","15,526,888.0","15,797,210.0","16,069,056.0","16,340,822.0"
Africa Eastern and Southern,"406,156,661.0","416,807,868.0","427,820,358.0","439,173,286.0",,"450,928,044.0","463,076,637.0","475,606,210.0","488,580,707.0","502,070,763.0","516,003,448.0","530,308,387.0","544,737,983.0","559,609,961.0","575,202,699.0","590,968,990.0","607,123,269.0","623,369,401.0","640,058,741.0","657,801,085.0","675,950,189.0","694,446,100.0","713,090,928.0","731,821,393.0","750,503,764.0"
Africa Western and Central,"274,968,446.0","282,780,717.0","290,841,795.0","299,142,845.0",,"307,725,100.0","316,588,476.0","325,663,158.0","334,984,176.0","344,586,109.0","354,343,844.0","364,358,270.0","374,790,143.0","385,360,349.0","396,030,207.0","406,992,047.0","418,127,845.0","429,454,743.0","440,882,906.0","452,195,915.0","463,365,429.0","474,569,351.0","485,920,997.0","497,387,180.0","509,398,589.0"
Arab World,"286,548,096.0","293,580,252.0","300,691,509.0","307,815,105.0",,"315,060,277.0","322,628,451.0","330,526,310.0","338,947,976.0","347,684,619.0","356,386,673.0","363,568,534.0","372,054,934.0","381,030,177.0","390,954,281.0","400,231,008.0","410,190,679.0","419,808,341.0","428,315,886.0","435,998,060.0","444,281,315.0","453,723,239.0","460,646,603.0","471,352,066.0","481,667,539.0"
Caribbean small states,"2,636,455.0","2,661,520.0","2,686,785.0","2,712,281.0",,"2,735,189.0","2,754,974.0","2,774,985.0","2,795,667.0","2,816,379.0","2,836,793.0","2,855,621.0","2,873,088.0","2,893,251.0","2,917,125.0","2,941,203.0","2,964,524.0","2,987,438.0","3,009,507.0","3,048,465.0","3,079,149.0","3,092,577.0","3,111,609.0","3,131,505.0","3,152,394.0"
Central Europe and the Baltics,"108,447,824.0","107,660,041.0","106,959,751.0","106,624,167.0",,"106,331,716.0","106,041,911.0","105,772,481.0","105,378,748.0","105,001,883.0","104,800,475.0","104,421,447.0","104,174,038.0","103,928,128.0","103,691,959.0","103,459,388.0","103,206,007.0","102,926,796.0","102,656,954.0","102,439,383.0","102,282,674.0","102,046,650.0","100,647,592.0","100,289,401.0","100,175,859.0"
Early-demographic dividend,"2,509,431,470.0","2,556,335,424.0","2,601,917,557.0","2,647,109,296.0",,"2,693,184,997.0","2,738,846,905.0","2,784,726,644.0","2,830,531,957.0","2,875,943,965.0","2,921,563,644.0","2,967,104,472.0","3,013,476,947.0","3,058,869,436.0","3,103,677,284.0","3,146,800,078.0","3,190,318,707.0","3,233,033,717.0","3,274,060,446.0","3,314,245,247.0","3,355,014,793.0","3,396,051,187.0","3,432,026,092.0","3,470,644,834.0","3,511,076,811.0"
East Asia & Pacific,"2,050,149,617.0","2,068,682,053.0","2,086,144,389.0","2,102,761,941.0",,"2,118,747,885.0","2,134,573,057.0","2,150,688,938.0","2,167,046,538.0","2,183,472,438.0","2,199,148,703.0","2,214,613,815.0","2,230,826,576.0","2,249,081,393.0","2,267,072,102.0","2,284,385,542.0","2,300,844,269.0","2,317,076,058.0","2,333,475,520.0","2,347,576,325.0","2,359,771,090.0","2,369,438,682.0","2,375,144,416.0","2,379,648,296.0","2,384,463,611.0"
East Asia & Pacific (excluding high income),"1,819,011,507.0","1,836,260,943.0","1,852,659,155.0","1,868,409,996.0",,"1,883,675,167.0","1,898,853,723.0","1,914,002,124.0","1,929,185,103.0","1,944,305,887.0","1,959,017,463.0","1,973,602,166.0","1,989,106,668.0","2,006,566,431.0","2,023,850,158.0","2,040,383,789.0","2,056,050,896.0","2,071,486,140.0","2,087,238,522.0","2,100,698,838.0","2,112,289,891.0","2,121,866,294.0","2,128,553,744.0","2,133,560,408.0","2,137,527,754.0"
East Asia & Pacific (IDA & IBRD countries),"1,795,374,943.0","1,812,475,067.0","1,828,744,767.0","1,844,349,334.0",,"1,859,450,104.0","1,874,487,158.0","1,889,507,244.0","1,904,568,042.0","1,919,570,287.0","1,934,167,856.0","1,948,643,347.0","1,964,036,970.0","1,981,382,735.0","1,998,548,872.0","2,014,960,984.0","2,030,504,270.0","2,045,816,761.0","2,061,449,949.0","2,074,796,982.0","2,086,281,644.0","2,095,759,417.0","2,102,350,702.0","2,107,261,123.0","2,111,139,152.0"
Euro area,"325,789,631.0","326,858,314.0","328,438,861.0","330,200,359.0",,"331,997,265.0","333,700,554.0","335,243,820.0","336,965,048.0","338,594,025.0","339,676,755.0","340,460,814.0","339,719,975.0","340,447,763.0","341,575,309.0","342,713,336.0","343,698,622.0","344,655,545.0","345,333,240.0","346,105,839.0","346,454,019.0","346,922,366.0","347,094,588.0","348,627,172.0","349,670,802.0"
Europe & Central Asia,"865,392,493.5","866,587,785.5","868,204,040.0","870,443,479.0",,"872,926,624.5","875,366,720.5","877,911,050.0","880,338,408.5","883,840,223.0","887,281,039.0","890,448,752.0","892,361,936.5","895,889,705.0","900,033,335.0","904,324,263.5","908,458,970.5","912,576,858.5","916,236,104.5","919,738,352.5","922,811,778.0","925,088,545.5","925,075,848.0","925,385,334.5","924,969,865.0"
Europe & Central Asia (excluding high income),"218,486,597.5","219,435,055.5","220,400,259.0","221,399,692.0",,"222,413,289.5","223,360,134.5","224,417,513.0","225,016,071.5","226,524,480.0","228,250,911.0","230,106,440.0","231,988,171.5","233,914,075.0","235,981,960.0","238,112,723.5","240,230,296.5","242,407,763.5","244,530,211.5","246,654,915.5","248,858,341.0","250,655,325.5","252,183,790.0","250,834,021.5","249,146,208.0"
Europe & Central Asia (IDA & IBRD countries),"438,423,540.5","438,100,367.5","437,806,951.0","437,905,932.0",,"438,136,035.5","438,333,195.5","438,714,358.0","438,680,282.5","439,732,746.0","441,304,973.0","442,936,599.0","444,846,099.5","446,979,977.0","449,310,524.0","451,696,196.5","454,002,756.5","456,330,266.5","458,504,366.5","460,515,553.5","462,573,906.0","463,913,014.5","463,790,894.0","461,440,170.5","459,025,452.0"
European Union,"429,339,162.0","429,906,426.0","430,893,295.0","432,426,935.0",,"434,050,396.0","435,591,941.0","437,007,921.0","438,478,066.0","439,886,269.0","440,928,484.0","441,546,320.0","440,766,686.0","441,416,943.0","442,486,978.0","443,589,388.0","444,550,397.0","445,487,171.0","446,177,810.0","446,953,938.0","447,303,223.0","447,653,554.0","446,564,156.0","447,847,220.0","448,804,042.0"
Fragile and conflict affected situations,"622,883,185.0","637,301,077.0","653,056,220.0","669,470,707.0",,"685,830,138.0","702,638,957.0","719,788,972.0","736,917,394.0","754,858,953.0","773,810,618.0","793,160,547.0","812,764,221.0","832,872,724.0","853,223,055.0","873,158,163.0","892,657,785.0","912,614,026.0","933,013,886.0","953,648,681.0","974,824,119.0","996,691,242.0","1,018,693,078.0","1,038,158,122.0","1,058,789,534.0"
Heavily indebted poor countries (HIPC),"481,984,327.0","495,197,350.0","509,679,981.0","524,773,987.0",,"539,803,501.0","555,358,929.0","571,454,590.0","587,432,384.0","604,007,702.0","621,337,653.0","638,796,398.0","656,783,491.0","675,397,557.0","694,622,934.0","714,769,441.0","735,429,414.0","756,895,035.0","779,389,964.0","802,020,674.0","824,649,053.0","847,743,308.0","870,930,036.0","893,906,294.0","917,304,254.0"
High income,"1,251,758,606.0","1,258,081,884.0","1,264,453,056.0","1,270,975,826.0",,"1,277,825,278.0","1,284,667,419.0","1,292,314,271.0","1,300,879,925.0","1,309,846,534.0","1,317,794,172.0","1,323,506,149.0","1,329,029,726.0","1,336,612,791.0","1,344,779,557.0","1,352,458,637.0","1,360,842,914.0","1,368,877,184.0","1,374,784,294.0","1,379,152,141.0","1,383,372,477.0","1,389,524,835.0","1,387,107,942.0","1,393,036,569.0","1,400,465,513.0"
IBRD only,"3,983,328,255.0","4,031,080,605.0","4,077,229,003.0","4,122,775,918.0",,"4,168,676,771.0","4,214,082,145.0","4,258,827,055.0","4,302,067,550.0","4,346,234,014.0","4,391,389,527.0","4,436,714,947.0","4,483,152,361.0","4,532,139,461.0","4,582,140,476.0","4,630,871,647.0","4,677,114,235.0","4,721,984,235.0","4,766,267,453.0","4,807,550,491.0","4,845,715,724.0","4,879,367,453.0","4,905,899,020.0","4,928,694,202.0","4,952,574,126.0"
IDA & IBRD total,"5,116,723,506.5","5,192,348,769.5","5,267,145,775.0","5,341,840,046.0",,"5,417,128,228.5","5,492,481,029.5","5,568,236,362.0","5,643,505,922.5","5,720,065,907.0","5,797,994,405.0","5,876,645,582.0","5,956,718,726.5","6,038,997,419.0","6,120,638,810.0","6,201,871,546.5","6,281,302,513.5","6,360,570,925.5","6,440,496,862.5","6,518,627,024.5","6,594,857,152.0","6,667,541,078.5","6,733,337,540.0","6,795,222,291.5","6,858,957,145.0"
IDA blend,"376,430,953.0","386,483,472.0","396,280,295.0","406,185,760.0",,"416,552,454.0","427,064,487.0","437,847,651.0","449,445,968.0","461,461,442.0","473,612,630.0","485,934,443.0","498,002,443.0","509,513,096.0","520,502,873.0","531,341,156.0","541,987,714.0","552,474,265.0","563,290,702.0","574,487,740.0","585,824,310.0","597,524,859.0","609,556,583.0","621,500,917.0","633,230,238.0"
IDA only,"756,964,298.5","774,784,692.5","793,636,477.0","812,878,368.0",,"831,899,003.5","851,334,397.5","871,561,656.0","891,992,404.5","912,370,451.0","932,992,248.0","953,996,192.0","975,563,922.5","997,344,862.0","1,017,995,461.0","1,039,658,743.5","1,062,200,564.5","1,086,112,425.5","1,110,938,707.5","1,136,588,793.5","1,163,317,118.0","1,190,648,766.5","1,217,881,937.0","1,245,027,172.5","1,273,152,781.0"
IDA total,"1,133,395,251.5","1,161,268,164.5","1,189,916,772.0","1,219,064,128.0",,"1,248,451,457.5","1,278,398,884.5","1,309,409,307.0","1,341,438,372.5","1,373,831,893.0","1,406,604,878.0","1,439,930,635.0","1,473,566,365.5","1,506,857,958.0","1,538,498,334.0","1,570,999,899.5","1,604,188,278.5","1,638,586,690.5","1,674,229,409.5","1,711,076,533.5","1,749,141,428.0","1,788,173,625.5","1,827,438,520.0","1,866,528,089.5","1,906,383,019.0"
Late-demographic dividend,"2,043,581,321.5","2,058,600,485.5","2,072,599,555.0","2,086,139,068.0",,"2,099,412,662.5","2,112,603,350.5","2,126,122,277.0","2,139,958,607.5","2,153,941,306.0","2,167,303,374.0","2,179,522,412.0","2,193,156,337.5","2,209,331,950.0","2,225,043,647.0","2,241,185,411.5","2,256,211,694.5","2,270,944,240.5","2,285,977,088.5","2,298,520,431.5","2,309,008,599.0","2,316,785,459.5","2,320,366,261.0","2,324,072,105.5","2,326,658,047.0"
Latin America & Caribbean,"520,272,118.0","527,572,583.0","534,691,591.0","541,643,365.0",,"548,455,563.0","555,120,780.0","561,751,999.0","568,345,245.0","574,908,733.0","581,388,129.0","587,749,565.0","594,072,097.0","600,393,759.0","606,644,957.0","612,799,258.0","618,806,527.0","624,664,026.0","630,329,435.0","635,680,745.0","640,853,375.0","645,497,618.0","649,234,475.0","653,104,771.0","657,611,624.0"
Latin America & Caribbean (excluding high income),"466,891,427.0","473,472,090.0","479,874,713.0","486,116,511.0",,"492,232,564.0","498,267,811.0","504,231,967.0","510,173,588.0","516,099,421.0","521,959,738.0","527,703,442.0","533,432,539.0","539,167,194.0","544,834,859.0","550,428,711.0","555,893,183.0","561,307,280.0","566,870,356.0","572,668,977.0","578,311,232.0","583,125,825.0","586,944,219.0","590,730,587.0","594,995,068.0"
Latin America & the Caribbean (IDA & IBRD countries),"504,556,065.0","511,809,816.0","518,881,965.0","525,787,222.0",,"532,556,401.0","539,188,798.0","545,805,913.0","552,399,650.0","558,968,822.0","565,454,932.0","571,822,092.0","578,171,855.0","584,524,334.0","590,809,938.0","597,023,419.0","603,091,701.0","609,017,063.0","614,776,664.0","620,274,430.0","625,467,307.0","630,051,021.0","633,862,610.0","637,837,815.0","642,397,939.0"
Least developed countries: UN classification,"673,630,102.0","689,878,805.0","707,266,809.0","725,111,768.0",,"742,717,957.0","760,741,611.0","779,230,030.0","797,516,000.0","816,268,129.0","835,687,108.0","855,348,118.0","875,685,078.0","896,684,951.0","918,269,633.0","940,284,138.0","962,508,256.0","985,414,939.0","1,008,993,468.0","1,033,110,314.0","1,058,013,514.0","1,083,636,132.0","1,109,175,268.0","1,134,585,604.0","1,160,824,674.0"
Low & middle income,"4,885,599,511.5","4,962,048,189.5","5,037,637,869.0","5,112,795,945.0",,"5,188,460,859.5","5,264,191,084.5","5,340,182,185.0","5,415,642,173.5","5,492,228,861.0","5,569,896,557.0","5,648,351,983.0","5,727,986,725.5","5,809,649,768.0","5,890,623,212.0","5,971,198,209.5","6,050,054,834.5","6,128,880,429.5","6,208,763,934.5","6,287,535,114.5","6,364,581,440.0","6,438,169,877.5","6,505,838,578.0","6,568,731,933.5","6,633,109,634.0"
Low income,"390,079,731.0","400,757,289.0","412,670,845.0","425,077,105.0",,"437,382,851.0","450,155,667.0","463,744,491.0","477,551,564.0","491,406,380.0","505,585,022.0","520,054,110.0","534,808,724.0","549,451,656.0","563,526,633.0","577,586,377.0","592,175,402.0","607,867,476.0","624,557,000.0","642,186,195.0","660,718,366.0","679,560,744.0","698,215,206.0","716,865,783.0","736,466,395.0"
Lower middle income,"2,125,376,113.5","2,168,260,748.5","2,210,311,164.0","2,251,947,497.0",,"2,293,999,532.5","2,335,616,862.5","2,377,469,865.0","2,420,211,545.5","2,462,681,283.0","2,505,415,842.0","2,548,857,608.0","2,592,374,919.5","2,635,615,131.0","2,678,274,094.0","2,721,462,078.5","2,763,351,401.5","2,804,867,051.5","2,846,133,568.5","2,886,705,487.5","2,926,690,682.0","2,966,396,716.5","3,004,162,907.0","3,041,203,716.5","3,079,778,780.0"
Middle East & North Africa,"319,840,863.0","326,923,042.0","333,592,427.0","340,495,691.0",,"348,239,858.0","356,352,432.0","364,791,715.0","373,340,745.0","381,817,362.0","390,285,866.0","397,305,528.0","405,960,097.0","415,046,283.0","424,768,481.0","433,660,485.0","443,111,159.0","452,184,895.0","459,925,735.0","466,691,130.0","474,057,593.0","482,334,398.0","488,100,624.0","498,070,255.0","508,311,359.0"
Middle East & North Africa (excluding high income),"287,971,068.0","293,668,448.0","298,939,850.0","304,445,309.0",,"310,771,929.0","317,382,998.0","324,051,680.0","330,435,022.0","336,700,258.0","343,195,616.0","349,872,902.0","356,552,266.0","363,339,829.0","370,454,605.0","377,506,892.0","384,230,039.0","390,998,434.0","397,804,712.0","404,775,501.0","411,833,977.0","418,461,302.0","424,980,589.0","432,229,148.0","440,118,189.0"
Middle East & North Africa (IDA & IBRD countries),"285,048,915.0","290,670,664.0","295,864,477.0","301,290,340.0",,"307,535,303.0","314,062,602.0","320,645,346.0","326,940,526.0","333,108,281.0","339,506,517.0","346,086,741.0","352,669,280.0","359,359,831.0","366,377,897.0","373,333,494.0","379,959,947.0","386,631,346.0","393,349,907.0","400,206,414.0","407,148,671.0","413,658,033.0","420,057,840.0","427,185,536.0","434,952,414.0"
Middle income,"4,495,519,780.5","4,561,290,900.5","4,624,967,024.0","4,687,718,840.0",,"4,751,078,008.5","4,814,035,417.5","4,876,437,694.0","4,938,090,609.5","5,000,822,481.0","5,064,311,535.0","5,128,297,873.0","5,193,178,001.5","5,260,198,112.0","5,327,096,579.0","5,393,611,832.5","5,457,879,432.5","5,521,012,953.5","5,584,206,934.5","5,645,348,919.5","5,703,863,074.0","5,758,609,133.5","5,807,623,372.0","5,851,866,150.5","5,896,643,239.0"
North America,"312,909,691.0","316,051,677.0","319,046,534.0","321,812,780.0",,"324,806,660.0","327,822,042.0","331,013,939.0","334,183,103.0","337,404,564.0","340,465,163.0","343,396,770.0","345,986,435.0","348,654,703.0","351,204,513.0","353,883,924.0","356,506,956.0","359,246,007.0","361,730,781.0","363,974,650.0","366,012,555.0","369,619,953.0","370,353,489.0","372,275,216.0","375,077,354.0"
Not classified,..,..,..,..,,..,..,..,..,..,..,..,..,..,..,..,..,..,..,..,..,..,..,..,..
OECD members,"1,202,226,474.0","1,211,106,223.0","1,220,070,536.0","1,228,926,236.0",,"1,237,753,724.0","1,246,459,292.0","1,255,490,764.0","1,264,410,318.0","1,274,326,608.0","1,283,513,127.0","1,292,108,663.0","1,298,741,317.0","1,306,608,465.0","1,314,705,887.0","1,323,087,907.0","1,331,189,869.0","1,339,441,048.0","1,347,317,014.0","1,355,260,023.0","1,362,497,757.0","1,370,013,876.0","1,371,769,252.0","1,378,506,989.0","1,385,723,403.0"
Other small states,"10,425,820.0","10,622,995.0","10,846,687.0","11,034,074.0",,"11,194,800.0","11,368,666.0","11,561,776.0","11,769,660.0","11,966,136.0","12,167,982.0","12,341,009.0","12,420,968.0","12,554,229.0","12,719,557.0","12,904,905.0","13,091,061.0","13,273,445.0","13,487,767.0","13,634,874.0","13,761,088.0","13,884,095.0","14,040,798.0","14,217,718.0","14,411,921.0"
Pacific island small states,"2,042,274.0","2,069,097.0","2,095,273.0","2,120,592.0",,"2,145,505.0","2,170,029.0","2,194,265.0","2,218,230.0","2,240,739.0","2,262,456.0","2,289,399.0","2,320,899.0","2,351,924.0","2,382,931.0","2,414,338.0","2,445,989.0","2,477,794.0","2,509,999.0","2,542,009.0","2,568,656.0","2,595,522.0","2,625,493.0","2,656,049.0","2,689,224.0"
Post-demographic dividend,"1,021,150,563.0","1,026,102,991.0","1,031,271,721.0","1,036,412,650.0",,"1,041,747,900.0","1,046,942,910.0","1,052,610,469.0","1,058,829,365.0","1,065,219,261.0","1,070,658,067.0","1,075,615,574.0","1,078,564,678.0","1,083,068,159.0","1,087,808,342.0","1,092,805,112.0","1,097,599,410.0","1,102,507,839.0","1,106,644,744.0","1,110,512,190.0","1,113,651,656.0","1,117,765,361.0","1,117,015,201.0","1,117,561,802.0","1,119,236,161.0"
Pre-demographic dividend,"562,428,025.0","578,587,390.0","596,114,535.0","614,269,146.0",,"632,445,407.0","651,320,620.0","670,229,212.0","688,722,596.0","708,796,270.0","730,293,963.0","752,046,672.0","774,567,417.0","798,002,725.0","822,138,419.0","846,420,736.0","870,587,800.0","895,239,872.0","920,568,701.0","946,317,177.0","972,302,503.0","998,624,261.0","1,024,960,313.0","1,051,201,551.0","1,078,224,044.0"
Small states,"15,104,549.0","15,353,612.0","15,628,745.0","15,866,947.0",,"16,075,494.0","16,293,669.0","16,531,026.0","16,783,557.0","17,023,254.0","17,267,231.0","17,486,029.0","17,614,955.0","17,799,404.0","18,019,613.0","18,260,446.0","18,501,574.0","18,738,677.0","19,007,273.0","19,225,348.0","19,408,893.0","19,572,194.0","19,777,900.0","20,005,272.0","20,253,539.0"
South Asia,"1,412,194,936.0","1,439,704,270.0","1,467,185,462.0","1,494,191,087.0",,"1,520,797,241.0","1,546,744,163.0","1,572,294,133.0","1,597,352,539.0","1,622,028,899.0","1,647,212,835.0","1,672,490,146.0","1,697,466,396.0","1,721,780,232.0","1,744,358,673.0","1,766,896,416.0","1,788,492,725.0","1,809,951,345.0","1,831,474,329.0","1,852,836,645.0","1,874,070,006.0","1,895,144,142.0","1,914,263,569.0","1,932,289,074.0","1,951,539,835.0"
South Asia (IDA & IBRD),"1,412,194,936.0","1,439,704,270.0","1,467,185,462.0","1,494,191,087.0",,"1,520,797,241.0","1,546,744,163.0","1,572,294,133.0","1,597,352,539.0","1,622,028,899.0","1,647,212,835.0","1,672,490,146.0","1,697,466,396.0","1,721,780,232.0","1,744,358,673.0","1,766,896,416.0","1,788,492,725.0","1,809,951,345.0","1,831,474,329.0","1,852,836,645.0","1,874,070,006.0","1,895,144,142.0","1,914,263,569.0","1,932,289,074.0","1,951,539,835.0"
Sub-Saharan Africa,"681,125,107.0","699,588,585.0","718,662,153.0","738,316,131.0",,"758,653,144.0","779,665,113.0","801,269,368.0","823,564,883.0","846,656,872.0","870,347,292.0","894,666,657.0","919,528,126.0","944,970,310.0","971,232,906.0","997,961,037.0","1,025,251,114.0","1,052,824,144.0","1,080,941,647.0","1,109,997,000.0","1,139,315,618.0","1,169,015,451.0","1,199,011,925.0","1,229,208,573.0","1,259,902,353.0"
Sub-Saharan Africa (excluding high income),"681,043,976.0","699,507,383.0","718,578,430.0","738,233,350.0",,"758,570,669.0","779,582,255.0","801,184,768.0","823,479,850.0","846,569,916.0","870,259,994.0","894,576,887.0","919,440,685.0","944,882,007.0","971,142,957.0","997,869,678.0","1,025,157,695.0","1,052,729,467.0","1,080,845,804.0","1,109,900,238.0","1,139,217,993.0","1,168,916,989.0","1,198,912,667.0","1,229,088,695.0","1,259,782,580.0"
Sub-Saharan Africa (IDA & IBRD countries),"681,125,107.0","699,588,585.0","718,662,153.0","738,316,131.0",,"758,653,144.0","779,665,113.0","801,269,368.0","823,564,883.0","846,656,872.0","870,347,292.0","894,666,657.0","919,528,126.0","944,970,310.0","971,232,906.0","997,961,037.0","1,025,251,114.0","1,052,824,144.0","1,080,941,647.0","1,109,997,000.0","1,139,315,618.0","1,169,015,451.0","1,199,011,925.0","1,229,208,573.0","1,259,902,353.0"
Upper middle income,"2,370,143,667.0","2,393,030,152.0","2,414,655,860.0","2,435,771,343.0",,"2,457,078,476.0","2,478,418,555.0","2,498,967,829.0","2,517,879,064.0","2,538,141,198.0","2,558,895,693.0","2,579,440,265.0","2,600,803,082.0","2,624,582,981.0","2,648,822,485.0","2,672,149,754.0","2,694,528,031.0","2,716,145,902.0","2,738,073,366.0","2,758,643,432.0","2,777,172,392.0","2,792,212,417.0","2,803,460,465.0","2,810,662,434.0","2,816,864,459.0"
World,"6,161,884,825.5","6,245,109,995.5","6,327,526,596.0","6,409,664,474.0",,"6,492,626,975.5","6,575,644,307.5","6,659,721,142.0","6,744,171,461.5","6,830,129,091.0","6,916,129,027.0","7,000,671,233.0","7,086,201,663.5","7,175,816,385.0","7,265,314,967.0","7,353,910,925.5","7,441,471,720.5","7,528,523,333.5","7,614,113,551.5","7,696,494,847.5","7,776,892,015.0","7,856,138,789.5","7,921,184,346.0","7,989,981,519.5","8,061,876,001.0"
"Created from: World Development Indicators
Series : Population, total



",,,,,,,,,,,,,,,,,,,,,,,,,
